{
	"metadata":{
		"formatVersion": 3,
		"fileName"     : "1.json",
		"generatedBy"  : "RaidaJSONExporter",
		"vertices"     : 60,
		"faces"        : 70,
		"normals"      : 19,
		"colors"       : 1
	},
	"materials":[],
	"vertices":[
		0.110196, 0.026138, -0.010300,
		0.110196, 0.025938, -0.010300,
		0.110196, 0.026138, -0.009589,
		0.109945, 0.026138, -0.010300,
		0.109953, 0.025994, -0.010589,
		0.109955, 0.026038, -0.010589,
		0.109947, 0.025950, -0.010589,
		0.109945, 0.025938, -0.010589,
		0.109953, 0.026083, -0.010589,
		0.109546, 0.025938, -0.010589,
		0.109945, 0.025938, -0.010300,
		0.109947, 0.026127, -0.010589,
		0.109546, 0.025938, -0.009589,
		0.109945, 0.026138, -0.010589,
		0.109546, 0.026138, -0.010589,
		0.109546, 0.026138, -0.009589,
		0.110196, 0.025938, -0.009589,
		0.108696, 0.026138, -0.009589,
		0.108696, 0.025938, -0.009589,
		0.108696, 0.026138, -0.010300,
		0.109346, 0.026138, -0.009589,
		0.108696, 0.025938, -0.010300,
		0.108947, 0.026138, -0.010300,
		0.108939, 0.026083, -0.010589,
		0.108937, 0.026038, -0.010589,
		0.108945, 0.026127, -0.010589,
		0.108939, 0.025994, -0.010589,
		0.108947, 0.025938, -0.010300,
		0.109346, 0.025938, -0.009589,
		0.108947, 0.025938, -0.010589,
		0.108947, 0.026138, -0.010589,
		0.109346, 0.026138, -0.010589,
		0.108945, 0.025950, -0.010589,
		0.109346, 0.025938, -0.010589,
		0.109546, 0.026788, -0.009589,
		0.109346, 0.026788, -0.009589,
		0.109346, 0.026788, -0.010300,
		0.109546, 0.026788, -0.010300,
		0.109546, 0.026537, -0.010300,
		0.109491, 0.026545, -0.010589,
		0.109446, 0.026547, -0.010589,
		0.109535, 0.026539, -0.010589,
		0.109402, 0.026545, -0.010589,
		0.109346, 0.026537, -0.010300,
		0.109346, 0.026537, -0.010589,
		0.109358, 0.026539, -0.010589,
		0.109546, 0.026537, -0.010589,
		0.109346, 0.025288, -0.009589,
		0.109346, 0.025288, -0.010300,
		0.109346, 0.025540, -0.010300,
		0.109346, 0.025540, -0.010589,
		0.109358, 0.025537, -0.010589,
		0.109402, 0.025532, -0.010589,
		0.109446, 0.025530, -0.010589,
		0.109491, 0.025532, -0.010589,
		0.109535, 0.025537, -0.010589,
		0.109546, 0.025288, -0.010300,
		0.109546, 0.025540, -0.010589,
		0.109546, 0.025288, -0.009589,
		0.109546, 0.025540, -0.010300
	],
	"morphTargets":[],
	"normals":[
		-1.000000, 0.000000, 0.000000,
		0.000000, -1.000000, 0.000000,
		0.000000, -0.000000, 1.000000,
		0.000000, -0.000000, 1.000000,
		0.000000, 0.000000, 1.000000,
		0.000000, 1.000000, -0.000000,
		0.000000, 0.000000, 1.000000,
		0.000000, 1.000000, 0.000000,
		-1.000000, -0.000000, 0.000000,
		1.000000, 0.000000, 0.000000,
		-0.000000, 0.000000, 1.000000,
		-0.000000, 1.000000, 0.000000,
		-0.000000, 0.000000, 1.000000,
		-0.000000, -1.000000, 0.000000,
		0.000000, -1.000000, -0.000000,
		-1.000000, -0.000000, -0.000000,
		1.000000, 0.000000, -0.000000,
		-1.000000, 0.000000, -0.000000,
		-0.000000, -0.000000, 1.000000
	],
	"colors":[
		16777215
	],
	"uvs":[[]],
	"faces":[
		160, 0, 1, 2, 0, 0, 0, 0, 0, 0,
		160, 0, 2, 3, 1, 1, 1, 0, 0, 0,
		160, 4, 5, 6, 2, 2, 2, 0, 0, 0,
		160, 6, 5, 7, 3, 3, 3, 0, 0, 0,
		160, 5, 8, 7, 4, 4, 4, 0, 0, 0,
		160, 7, 8, 9, 2, 2, 2, 0, 0, 0,
		160, 7, 9, 10, 5, 5, 5, 0, 0, 0,
		160, 8, 11, 9, 6, 6, 6, 0, 0, 0,
		160, 10, 9, 12, 7, 7, 7, 0, 0, 0,
		160, 10, 12, 1, 5, 5, 5, 0, 0, 0,
		160, 11, 13, 14, 6, 6, 6, 0, 0, 0,
		160, 11, 14, 9, 4, 4, 4, 0, 0, 0,
		160, 13, 3, 15, 1, 1, 1, 0, 0, 0,
		160, 13, 15, 14, 1, 1, 1, 0, 0, 0,
		160, 3, 2, 15, 1, 1, 1, 0, 0, 0,
		160, 2, 1, 16, 8, 8, 8, 0, 0, 0,
		160, 16, 1, 12, 7, 7, 7, 0, 0, 0,
		160, 17, 18, 19, 9, 9, 9, 0, 0, 0,
		160, 17, 19, 20, 1, 1, 1, 0, 0, 0,
		160, 19, 18, 21, 9, 9, 9, 0, 0, 0,
		160, 19, 22, 20, 1, 1, 1, 0, 0, 0,
		160, 23, 24, 25, 10, 10, 10, 0, 0, 0,
		160, 24, 26, 25, 10, 10, 10, 0, 0, 0,
		160, 21, 18, 27, 7, 7, 7, 0, 0, 0,
		160, 18, 28, 27, 11, 11, 11, 0, 0, 0,
		160, 27, 28, 29, 11, 11, 11, 0, 0, 0,
		160, 22, 30, 31, 1, 1, 1, 0, 0, 0,
		160, 22, 31, 20, 1, 1, 1, 0, 0, 0,
		160, 30, 25, 31, 10, 10, 10, 0, 0, 0,
		160, 25, 26, 31, 10, 10, 10, 0, 0, 0,
		160, 26, 32, 31, 10, 10, 10, 0, 0, 0,
		160, 32, 29, 33, 6, 6, 6, 0, 0, 0,
		160, 32, 33, 31, 12, 12, 12, 0, 0, 0,
		160, 29, 28, 33, 7, 7, 7, 0, 0, 0,
		160, 34, 35, 36, 13, 13, 13, 0, 0, 0,
		160, 34, 36, 37, 14, 14, 14, 0, 0, 0,
		160, 34, 37, 15, 15, 15, 15, 0, 0, 0,
		160, 37, 38, 15, 0, 0, 0, 0, 0, 0,
		160, 39, 40, 41, 6, 6, 6, 0, 0, 0,
		160, 40, 42, 41, 4, 4, 4, 0, 0, 0,
		160, 36, 35, 43, 16, 16, 16, 0, 0, 0,
		160, 35, 20, 43, 9, 9, 9, 0, 0, 0,
		160, 43, 20, 44, 9, 9, 9, 0, 0, 0,
		160, 20, 31, 44, 9, 9, 9, 0, 0, 0,
		160, 44, 31, 45, 10, 10, 10, 0, 0, 0,
		160, 15, 38, 14, 0, 0, 0, 0, 0, 0,
		160, 38, 46, 14, 17, 17, 17, 0, 0, 0,
		160, 46, 41, 14, 6, 6, 6, 0, 0, 0,
		160, 41, 42, 14, 6, 6, 6, 0, 0, 0,
		160, 42, 45, 14, 6, 6, 6, 0, 0, 0,
		160, 45, 31, 14, 4, 4, 4, 0, 0, 0,
		160, 31, 33, 14, 10, 10, 10, 0, 0, 0,
		160, 14, 33, 9, 6, 6, 6, 0, 0, 0,
		160, 28, 47, 48, 9, 9, 9, 0, 0, 0,
		160, 28, 48, 49, 9, 9, 9, 0, 0, 0,
		160, 28, 49, 33, 9, 9, 9, 0, 0, 0,
		160, 49, 50, 33, 9, 9, 9, 0, 0, 0,
		160, 50, 51, 33, 10, 10, 10, 0, 0, 0,
		160, 52, 53, 51, 18, 18, 18, 0, 0, 0,
		160, 53, 54, 51, 3, 3, 3, 0, 0, 0,
		160, 51, 54, 33, 18, 18, 18, 0, 0, 0,
		160, 54, 55, 33, 2, 2, 2, 0, 0, 0,
		160, 48, 47, 56, 7, 7, 7, 0, 0, 0,
		160, 33, 55, 9, 12, 12, 12, 0, 0, 0,
		160, 55, 57, 9, 6, 6, 6, 0, 0, 0,
		160, 47, 58, 56, 11, 11, 11, 0, 0, 0,
		160, 56, 58, 59, 0, 0, 0, 0, 0, 0,
		160, 58, 12, 59, 0, 0, 0, 0, 0, 0,
		160, 59, 12, 57, 0, 0, 0, 0, 0, 0,
		160, 57, 12, 9, 0, 0, 0, 0, 0, 0
	]
}
