{
	"metadata":{
		"formatVersion": 3,
		"fileName"     : "100.json",
		"generatedBy"  : "RaidaJSONExporter",
		"vertices"     : 8,
		"faces"        : 8,
		"normals"      : 7,
		"colors"       : 1
	},
	"materials":[],
	"vertices":[
		0.076269, 0.016738, -0.047200,
		0.076269, 0.035338, -0.047200,
		0.076269, 0.016738, -0.015200,
		0.076269, 0.035338, -0.015200,
		0.095869, 0.016738, -0.015200,
		0.095869, 0.035338, -0.015200,
		0.095869, 0.016738, -0.047200,
		0.095869, 0.035338, -0.047200
	],
	"morphTargets":[],
	"normals":[
		1.000000, 0.000000, 0.000000,
		1.000000, -0.000000, 0.000000,
		-0.000000, 0.000000, -1.000000,
		-1.000000, 0.000000, 0.000000,
		-1.000000, 0.000000, -0.000000,
		0.000000, -0.000000, 1.000000,
		0.000000, 0.000000, 1.000000
	],
	"colors":[
		12632256
	],
	"uvs":[[]],
	"faces":[
		160, 0, 1, 2, 0, 0, 0, 0, 0, 0,
		160, 2, 1, 3, 1, 1, 1, 0, 0, 0,
		160, 2, 3, 4, 2, 2, 2, 0, 0, 0,
		160, 4, 3, 5, 2, 2, 2, 0, 0, 0,
		160, 4, 5, 6, 3, 3, 3, 0, 0, 0,
		160, 5, 7, 6, 4, 4, 4, 0, 0, 0,
		160, 6, 7, 0, 5, 5, 5, 0, 0, 0,
		160, 7, 1, 0, 6, 6, 6, 0, 0, 0
	]
}
