{
	"metadata":{
		"formatVersion": 3,
		"fileName"     : "116.json",
		"generatedBy"  : "RaidaJSONExporter",
		"vertices"     : 144,
		"faces"        : 144,
		"normals"      : 102,
		"colors"       : 1
	},
	"materials":[],
	"vertices":[
		0.000697, 0.042917, 0.021000,
		0.001284, 0.049619, 0.021000,
		0.000000, 0.042948, 0.021000,
		0.000000, 0.049675, 0.021000,
		-0.000697, 0.042917, 0.021000,
		0.001389, 0.042826, 0.021000,
		0.002071, 0.042675, 0.021000,
		0.003812, 0.049173, 0.021000,
		0.002557, 0.049451, 0.021000,
		-0.001284, 0.049619, 0.021000,
		-0.002557, 0.049451, 0.021000,
		-0.001389, 0.042826, 0.021000,
		-0.003812, 0.049173, 0.021000,
		-0.002071, 0.042675, 0.021000,
		-0.005037, 0.048787, 0.021000,
		-0.002736, 0.042465, 0.021000,
		-0.006224, 0.048295, 0.021000,
		-0.003381, 0.042198, 0.021000,
		-0.007363, 0.047702, 0.021000,
		-0.004000, 0.041876, 0.021000,
		-0.008447, 0.047011, 0.021000,
		-0.004589, 0.041501, 0.021000,
		-0.009466, 0.046229, 0.021000,
		-0.005142, 0.041076, 0.021000,
		-0.010414, 0.045361, 0.021000,
		-0.005657, 0.040605, 0.021000,
		-0.011282, 0.044414, 0.021000,
		-0.006128, 0.040090, 0.021000,
		-0.012064, 0.043395, 0.021000,
		-0.006553, 0.039536, 0.021000,
		-0.012754, 0.042311, 0.021000,
		-0.006928, 0.038948, 0.021000,
		-0.013347, 0.041172, 0.021000,
		-0.007250, 0.038329, 0.021000,
		-0.013839, 0.039985, 0.021000,
		-0.007518, 0.037684, 0.021000,
		-0.014225, 0.038759, 0.021000,
		-0.007727, 0.037018, 0.021000,
		-0.014503, 0.037505, 0.021000,
		-0.007878, 0.036337, 0.021000,
		-0.014671, 0.036231, 0.021000,
		-0.007970, 0.035645, 0.021000,
		-0.014727, 0.034948, 0.021000,
		-0.008000, 0.034948, 0.021000,
		-0.014671, 0.033664, 0.021000,
		-0.007970, 0.034250, 0.021000,
		-0.014503, 0.032390, 0.021000,
		-0.007878, 0.033559, 0.021000,
		-0.014225, 0.031136, 0.021000,
		-0.007727, 0.032877, 0.021000,
		-0.013839, 0.029911, 0.021000,
		-0.007518, 0.032212, 0.021000,
		-0.013347, 0.028724, 0.021000,
		-0.007250, 0.031567, 0.021000,
		-0.012754, 0.027584, 0.021000,
		-0.006928, 0.030948, 0.021000,
		-0.012064, 0.026501, 0.021000,
		-0.006553, 0.030359, 0.021000,
		-0.011282, 0.025481, 0.021000,
		-0.006128, 0.029805, 0.021000,
		-0.010414, 0.024534, 0.021000,
		-0.005657, 0.029291, 0.021000,
		-0.009466, 0.023666, 0.021000,
		-0.005142, 0.028819, 0.021000,
		-0.008447, 0.022884, 0.021000,
		-0.004589, 0.028395, 0.021000,
		-0.007363, 0.022194, 0.021000,
		-0.004000, 0.028020, 0.021000,
		-0.006224, 0.021601, 0.021000,
		-0.003381, 0.027697, 0.021000,
		-0.005037, 0.021109, 0.021000,
		-0.002736, 0.027430, 0.021000,
		-0.003812, 0.020723, 0.021000,
		-0.002071, 0.027220, 0.021000,
		-0.002557, 0.020444, 0.021000,
		-0.001389, 0.027069, 0.021000,
		-0.001284, 0.020277, 0.021000,
		-0.000697, 0.026978, 0.021000,
		0.000000, 0.020221, 0.021000,
		0.000000, 0.026948, 0.021000,
		0.001284, 0.020277, 0.021000,
		0.000697, 0.026978, 0.021000,
		0.002557, 0.020444, 0.021000,
		0.001389, 0.027069, 0.021000,
		0.003812, 0.020723, 0.021000,
		0.002071, 0.027220, 0.021000,
		0.005037, 0.021109, 0.021000,
		0.002736, 0.027430, 0.021000,
		0.006224, 0.021601, 0.021000,
		0.003381, 0.027697, 0.021000,
		0.007363, 0.022194, 0.021000,
		0.004000, 0.028020, 0.021000,
		0.008447, 0.022884, 0.021000,
		0.004589, 0.028395, 0.021000,
		0.009466, 0.023666, 0.021000,
		0.005142, 0.028819, 0.021000,
		0.010414, 0.024534, 0.021000,
		0.005657, 0.029291, 0.021000,
		0.011282, 0.025481, 0.021000,
		0.006128, 0.029805, 0.021000,
		0.012064, 0.026501, 0.021000,
		0.006553, 0.030359, 0.021000,
		0.012754, 0.027584, 0.021000,
		0.006928, 0.030948, 0.021000,
		0.013347, 0.028724, 0.021000,
		0.007250, 0.031567, 0.021000,
		0.013839, 0.029911, 0.021000,
		0.007518, 0.032212, 0.021000,
		0.014225, 0.031136, 0.021000,
		0.007727, 0.032877, 0.021000,
		0.014503, 0.032390, 0.021000,
		0.007878, 0.033559, 0.021000,
		0.014671, 0.033664, 0.021000,
		0.007970, 0.034250, 0.021000,
		0.014727, 0.034948, 0.021000,
		0.008000, 0.034948, 0.021000,
		0.005037, 0.048787, 0.021000,
		0.002736, 0.042465, 0.021000,
		0.006224, 0.048295, 0.021000,
		0.003381, 0.042198, 0.021000,
		0.007363, 0.047702, 0.021000,
		0.004000, 0.041876, 0.021000,
		0.008447, 0.047011, 0.021000,
		0.004589, 0.041501, 0.021000,
		0.009466, 0.046229, 0.021000,
		0.005142, 0.041076, 0.021000,
		0.010414, 0.045361, 0.021000,
		0.005657, 0.040605, 0.021000,
		0.011282, 0.044414, 0.021000,
		0.006128, 0.040090, 0.021000,
		0.012064, 0.043395, 0.021000,
		0.006553, 0.039536, 0.021000,
		0.012754, 0.042311, 0.021000,
		0.006928, 0.038948, 0.021000,
		0.013347, 0.041172, 0.021000,
		0.007250, 0.038329, 0.021000,
		0.013839, 0.039985, 0.021000,
		0.007518, 0.037684, 0.021000,
		0.014225, 0.038759, 0.021000,
		0.007727, 0.037018, 0.021000,
		0.014503, 0.037505, 0.021000,
		0.007878, 0.036337, 0.021000,
		0.014671, 0.036231, 0.021000,
		0.007970, 0.035645, 0.021000
	],
	"morphTargets":[],