{
	"metadata":{
		"formatVersion": 3,
		"fileName"     : "117.json",
		"generatedBy"  : "RaidaJSONExporter",
		"vertices"     : 50,
		"faces"        : 50,
		"normals"      : 41,
		"colors"       : 1
	},
	"materials":[],
	"vertices":[
		-0.087248, -0.036193, -0.040000,
		-0.087248, -0.036193, -0.025000,
		-0.087631, -0.036840, -0.040000,
		-0.087631, -0.036840, -0.025000,
		-0.088163, -0.037372, -0.040000,
		-0.087037, -0.035471, -0.040000,
		-0.087013, -0.034720, -0.040000,
		-0.087013, -0.034720, -0.025000,
		-0.087037, -0.035471, -0.025000,
		-0.088163, -0.037372, -0.025000,
		-0.088810, -0.037754, -0.025000,
		-0.088810, -0.037754, -0.040000,
		-0.089533, -0.037963, -0.025000,
		-0.089533, -0.037963, -0.040000,
		-0.090284, -0.037986, -0.025000,
		-0.090284, -0.037986, -0.040000,
		-0.091018, -0.037822, -0.025000,
		-0.091018, -0.037822, -0.040000,
		-0.091688, -0.037480, -0.025000,
		-0.091688, -0.037480, -0.040000,
		-0.092252, -0.036982, -0.025000,
		-0.092252, -0.036982, -0.040000,
		-0.087177, -0.033986, -0.025000,
		-0.087177, -0.033986, -0.040000,
		-0.087518, -0.033315, -0.025000,
		-0.087518, -0.033315, -0.040000,
		-0.088015, -0.032751, -0.025000,
		-0.088015, -0.032751, -0.040000,
		-0.088636, -0.032328, -0.025000,
		-0.088636, -0.032328, -0.040000,
		-0.089344, -0.032073, -0.025000,
		-0.089344, -0.032073, -0.040000,
		-0.090092, -0.032001, -0.025000,
		-0.090092, -0.032001, -0.040000,
		-0.090835, -0.032119, -0.025000,
		-0.090835, -0.032119, -0.040000,
		-0.091525, -0.032417, -0.025000,
		-0.091525, -0.032417, -0.040000,
		-0.092120, -0.032877, -0.025000,
		-0.092120, -0.032877, -0.040000,
		-0.092581, -0.033471, -0.025000,
		-0.092581, -0.033471, -0.040000,
		-0.092880, -0.034161, -0.025000,
		-0.092880, -0.034161, -0.040000,
		-0.092998, -0.034904, -0.025000,
		-0.092998, -0.034904, -0.040000,
		-0.092928, -0.035652, -0.025000,
		-0.092928, -0.035652, -0.040000,
		-0.092674, -0.036360, -0.025000,
		-0.092674, -0.036360, -0.040000
	],
	"morphTargets":[],
	"normals":[
		0.860389, -0.509638, 0.000000,
		0.860389, -0.509638, -0.000000,
		0.706616, -0.707597, -0.000000,
		0.999485, -0.032104, 0.000000,
		0.960100, -0.279657, 0.000000,
		0.508444, -0.861095, -0.000000,
		0.508444, -0.861095, 0.000000,
		0.706616, -0.707597, 0.000000,
		0.278325, -0.960487, -0.000000,
		0.278325, -0.960487, -0.000000,
		0.030717, -0.999528, 0.000000,
		0.030717, -0.999528, -0.000000,
		-0.218820, -0.975765, 0.000000,
		-0.218820, -0.975765, -0.000000,
		-0.454608, -0.890691, -0.000000,
		-0.454608, -0.890691, 0.000000,
		-0.661832, -0.749652, 0.000000,
		-0.661832, -0.749652, -0.000000,
		0.976068, 0.217466, 0.000000,
		0.976068, 0.217466, 0.000000,
		0.891321, 0.453373, 0.000000,
		0.750570, 0.660791, 0.000000,
		0.750570, 0.660791, 0.000000,
		0.562657, 0.826690, 0.000000,
		0.562657, 0.826690, 0.000000,
		0.339390, 0.940646, 0.000000,
		0.339390, 0.940646, 0.000000,
		0.094799, 0.995496, 0.000000,
		-0.155749, 0.987797, 0.000000,
		-0.155749, 0.987797, 0.000000,
		-0.396511, 0.918030, 0.000000,
		-0.396511, 0.918030, 0.000000,
		-0.612359, 0.790580, 0.000000,
		-0.789730, 0.613455, 0.000000,
		-0.917479, 0.397785, 0.000000,
		-0.987580, 0.157120, 0.000000,
		-0.995627, -0.093418, -0.000000,
		-0.995627, -0.093418, 0.000000,
		-0.941116, -0.338085, -0.000000,
		-0.941116, -0.338085, 0.000000,
		-0.827470, -0.561510, -0.000000
	],
	"colors":[
		6680691
	],
	"uvs":[[]],
	"faces":[
		160, 0, 1, 2, 0, 0, 0, 0, 0, 0,
		160, 2, 1, 3, 1, 1, 1, 0, 0, 0,
		160, 2, 3, 4, 2, 2, 2, 0, 0, 0,
		160, 5, 6, 7, 3, 3, 3, 0, 0, 0,
		160, 5, 7, 8, 3, 3, 3, 0, 0, 0,
		160, 5, 8, 0, 4, 4, 4, 0, 0, 0,
		160, 8, 1, 0, 4, 4, 4, 0, 0, 0,
		160, 9, 10, 11, 5, 5, 5, 0, 0, 0,
		160, 9, 11, 4, 6, 6, 6, 0, 0, 0,
		160, 9, 4, 3, 7, 7, 7, 0, 0, 0,
		160, 10, 12, 13, 8, 8, 8, 0, 0, 0,
		160, 10, 13, 11, 9, 9, 9, 0, 0, 0,
		160, 12, 14, 15, 10, 10, 10, 0, 0, 0,
		160, 12, 15, 13, 11, 11, 11, 0, 0, 0,
		160, 14, 16, 17, 12, 12, 12, 0, 0, 0,
		160, 14, 17, 15, 13, 13, 13, 0, 0, 0,
		160, 16, 18, 19, 14, 14, 14, 0, 0, 0,
		160, 16, 19, 17, 15, 15, 15, 0, 0, 0,
		160, 18, 20, 21, 16, 16, 16, 0, 0, 0,
		160, 18, 21, 19, 17, 17, 17, 0, 0, 0,
		160, 7, 6, 22, 18, 18, 18, 0, 0, 0,
		160, 6, 23, 22, 19, 19, 19, 0, 0, 0,
		160, 22, 23, 24, 20, 20, 20, 0, 0, 0,
		160, 23, 25, 24, 20, 20, 20, 0, 0, 0,
		160, 24, 25, 26, 21, 21, 21, 0, 0, 0,
		160, 25, 27, 26, 22, 22, 22, 0, 0, 0,
		160, 26, 27, 28, 23, 23, 23, 0, 0, 0,
		160, 27, 29, 28, 24, 24, 24, 0, 0, 0,
		160, 28, 29, 30, 25, 25, 25, 0, 0, 0,
		160, 29, 31, 30, 26, 26, 26, 0, 0, 0,
		160, 30, 31, 32, 27, 27, 27, 0, 0, 0,
		160, 31, 33, 32, 27, 27, 27, 0, 0, 0,
		160, 32, 33, 34, 28, 28, 28, 0, 0, 0,
		160, 33, 35, 34, 29, 29, 29, 0, 0, 0,
		160, 34, 35, 36, 30, 30, 30, 0, 0, 0,
		160, 35, 37, 36, 31, 31, 31, 0, 0, 0,
		160, 36, 37, 38, 32, 32, 32, 0, 0, 0,
		160, 37, 39, 38, 32, 32, 32, 0, 0, 0,
		160, 38, 39, 40, 33, 33, 33, 0, 0, 0,
		160, 39, 41, 40, 33, 33, 33, 0, 0, 0,
		160, 40, 41, 42, 34, 34, 34, 0, 0, 0,
		160, 41, 43, 42, 34, 34, 34, 0, 0, 0,
		160, 42, 43, 44, 35, 35, 35, 0, 0, 0,
		160, 43, 45, 44, 35, 35, 35, 0, 0, 0,
		160, 44, 45, 46, 36, 36, 36, 0, 0, 0,
		160, 45, 47, 46, 37, 37, 37, 0, 0, 0,
		160, 46, 47, 48, 38, 38, 38, 0, 0, 0,
		160, 47, 49, 48, 39, 39, 39, 0, 0, 0,
		160, 48, 49, 20, 40, 40, 40, 0, 0, 0,
		160, 20, 49, 21, 40, 40, 40, 0, 0, 0
	]
}
