{
	"metadata":{
		"formatVersion": 3,
		"fileName"     : "119.json",
		"generatedBy"  : "RaidaJSONExporter",
		"vertices"     : 108,
		"faces"        : 151,
		"normals"      : 113,
		"colors"       : 1
	},
	"materials":[],
	"vertices":[
		0.040000, -0.075000, 0.013019,
		0.040000, -0.075000, -0.016500,
		0.039793, -0.072974, 0.015002,
		0.039659, -0.072412, -0.016500,
		0.039613, -0.072427, 0.015538,
		0.040000, -0.078447, 0.009645,
		0.039742, -0.080705, 0.007434,
		0.040000, -0.078447, -0.016500,
		0.039723, -0.080758, 0.007383,
		0.039729, -0.080760, -0.016500,
		0.038980, -0.082847, 0.005338,
		0.038920, -0.082941, 0.005246,
		0.038930, -0.082948, -0.016500,
		0.037754, -0.084761, 0.003464,
		0.037634, -0.084878, 0.003349,
		0.037647, -0.084891, -0.016500,
		0.036128, -0.086349, 0.001909,
		0.038660, -0.070000, -0.016500,
		0.035937, -0.086465, 0.001796,
		0.035949, -0.086485, -0.016500,
		0.034185, -0.087529, 0.000755,
		0.037071, -0.067929, -0.016500,
		0.033920, -0.087616, 0.000669,
		0.033929, -0.087643, -0.016500,
		0.032026, -0.088240, 0.000059,
		0.035000, -0.066340, -0.016500,
		0.031695, -0.088302, -0.000002,
		0.031695, -0.088302, -0.008251,
		0.021952, -0.089715, -0.001385,
		0.021185, -0.089785, -0.001454,
		0.021187, -0.089804, -0.004500,
		0.012148, -0.090613, -0.002264,
		0.010611, -0.090707, -0.004500,
		0.010609, -0.090672, -0.002322,
		0.000000, -0.091008, -0.004500,
		0.002311, -0.090994, -0.002637,
		0.000001, -0.090961, -0.002605,
		-0.010610, -0.090707, -0.004500,
		-0.007533, -0.090856, -0.002502,
		-0.010607, -0.090651, -0.002301,
		-0.017356, -0.090201, -0.001861,
		-0.021187, -0.089804, -0.004500,
		-0.021179, -0.089743, -0.001412,
		0.027695, -0.065000, -0.004500,
		0.027695, -0.088946, -0.004500,
		-0.027131, -0.089029, -0.000714,
		-0.027695, -0.088946, -0.004500,
		-0.031695, -0.088302, -0.000002,
		-0.027695, -0.065000, -0.004500,
		-0.034185, -0.087529, 0.000754,
		-0.035937, -0.086465, 0.001796,
		-0.035949, -0.086485, -0.016500,
		-0.033920, -0.087617, 0.000669,
		-0.033928, -0.087643, -0.016500,
		-0.032026, -0.088240, 0.000059,
		-0.037647, -0.084891, -0.016500,
		-0.036128, -0.086350, 0.001909,
		-0.037634, -0.084879, 0.003349,
		-0.038930, -0.082948, -0.016500,
		-0.037754, -0.084761, 0.003464,
		-0.038920, -0.082941, 0.005246,
		-0.031695, -0.088302, -0.008251,
		-0.031695, -0.088302, -0.016500,
		-0.029697, -0.088635, -0.016500,
		-0.039729, -0.080760, -0.016500,
		-0.038980, -0.082847, 0.005338,
		-0.039723, -0.080758, 0.007383,
		-0.027695, -0.065000, -0.016500,
		-0.040000, -0.078447, -0.016500,
		-0.039742, -0.080705, 0.007434,
		-0.040000, -0.078447, 0.009645,
		-0.040000, -0.075000, 0.013019,
		-0.040000, -0.075000, -0.016500,
		-0.039793, -0.072974, 0.015002,
		-0.027695, -0.088946, -0.016500,
		-0.030000, -0.065000, -0.016500,
		-0.039659, -0.072412, -0.016500,
		-0.039613, -0.072427, 0.015538,
		-0.039082, -0.070815, 0.017116,
		-0.030000, -0.065000, 0.022808,
		-0.038607, -0.070032, 0.017882,
		-0.038660, -0.070000, -0.016500,
		-0.037902, -0.068872, 0.019018,
		-0.032588, -0.065341, -0.016500,
		-0.032258, -0.065258, 0.022555,
		-0.037025, -0.067974, 0.019897,
		-0.037071, -0.067929, -0.016500,
		-0.036314, -0.067246, 0.020610,
		-0.032577, -0.065372, 0.022444,
		-0.034400, -0.066020, 0.021810,
		0.030000, -0.065000, 0.022808,
		-0.035000, -0.066340, -0.016500,
		-0.034971, -0.066386, 0.021452,
		0.027695, -0.065000, -0.016500,
		0.027695, -0.088946, -0.016500,
		0.029697, -0.088635, -0.016500,
		0.030000, -0.065000, -0.016500,
		0.032258, -0.065258, 0.022555,
		0.031695, -0.088302, -0.016500,
		0.039082, -0.070815, 0.017116,
		0.038607, -0.070032, 0.017882,
		0.037902, -0.068872, 0.019018,
		0.037025, -0.067974, 0.019897,
		0.036314, -0.067246, 0.020610,
		0.034971, -0.066386, 0.021452,
		0.034400, -0.066020, 0.021810,
		0.032588, -0.065341, -0.016500,
		0.032577, -0.065372, 0.022444
	],
	"morphTargets":[],
	"normals":[
		0.994804, 0.101809, 0.000000,
		0.991443, 0.130526, -0.001869,
		0.950344, 0.311198, 0.001532,
		0.993520, -0.113656, 0.000000,
		1.000000, -0.000000, 0.000000,
		0.942104, -0.335320, 0.000260,
		0.993197, -0.116442, -0.000266,
		0.942104, -0.335320, 0.000260,
		-0.000000, 0.000000, -1.000000,
		1.000000, 0.000000, 0.000000,
		0.841906, -0.539623, 0.000558,
		0.939332, -0.343010, -0.000570,
		0.841918, -0.539605, 0.000558,
		0.000000, 0.000000, -1.000000,
		0.698203, -0.715899, 0.000893,
		0.834520, -0.550977, -0.000911,
		0.698194, -0.715908, 0.000893,
		-0.000000, 0.000000, -1.000000,
		0.518446, -0.855110, 0.001257,
		0.684450, -0.729059, -0.001283,
		0.518454, -0.855105, 0.001257,
		0.312072, -0.950057, 0.001629,
		0.497259, -0.867601, -0.001666,
		0.312075, -0.950056, 0.001629,
		0.186059, -0.982539, 0.000000,
		0.271069, -0.962553, -0.003533,
		0.090668, -0.995862, 0.006135,
		0.144499, -0.989478, -0.007269,
		0.093174, -0.995399, -0.022341,
		0.085055, -0.996357, 0.006135,
		0.038074, -0.999151, 0.015707,
		0.028380, -0.999474, 0.015706,
		0.040239, -0.998297, -0.042248,
		-0.013625, -0.999606, 0.024559,
		-0.028371, -0.999296, 0.024556,
		-0.014661, -0.998533, -0.052118,
		-0.064901, -0.997570, 0.025339,
		-0.069660, -0.996380, -0.048730,
		-0.085025, -0.996057, 0.025335,
		-0.116654, -0.992972, 0.019986,
		0.130680, -0.991095, 0.025556,
		-0.119465, -0.992830, -0.004119,
		-0.130692, -0.991222, 0.019985,
		-0.157056, -0.987588, 0.001594,
		-0.518453, -0.855105, 0.001257,
		-0.319595, -0.947234, -0.024650,
		-0.497254, -0.867603, 0.001597,
		-0.312077, -0.950055, 0.001629,
		-0.684448, -0.729060, 0.001232,
		-0.529043, -0.848268, -0.023551,
		-0.698194, -0.715908, 0.000893,
		-0.834520, -0.550978, 0.000874,
		-0.709272, -0.704584, -0.022244,
		-0.841918, -0.539606, 0.000558,
		-0.271066, -0.962554, -0.003534,
		-0.186056, -0.982539, 0.000000,
		-0.283096, -0.959092, 0.000000,
		-0.164148, -0.986436, -0.000000,
		-0.164148, -0.986436, 0.000000,
		-0.157960, -0.987445, 0.000770,
		-0.939331, -0.343012, 0.000546,
		-0.851160, -0.524488, -0.020938,
		-0.942104, -0.335320, 0.000260,
		-0.993197, -0.116442, 0.000255,
		-0.947957, -0.317785, -0.019753,
		-0.993520, -0.113656, 0.000000,
		-1.000000, 0.000000, 0.000000,
		-0.994804, 0.101809, 0.000000,
		-0.153456, -0.988156, 0.000000,
		0.000000, 1.000000, -0.000000,
		-0.991443, 0.130526, -0.001869,
		-0.950344, 0.311198, 0.001532,
		-0.950344, 0.311198, 0.001532,
		0.000000, 1.000000, 0.000000,
		0.000000, 1.000000, -0.000000,
		-0.855562, 0.517697, 0.001814,
		-0.923877, 0.382682, -0.002318,
		-0.855559, 0.517703, 0.001814,
		-0.130527, 0.991444, -0.000989,
		-0.113657, 0.993520, 0.000000,
		-0.716344, 0.697745, 0.001761,
		-0.793351, 0.608760, -0.002405,
		-0.716339, 0.697750, 0.001761,
		-0.335351, 0.942093, 0.000845,
		-0.335354, 0.942092, 0.000845,
		-0.000000, 1.000000, 0.000000,
		-0.608760, 0.793351, -0.002193,
		0.000000, -0.000000, -1.000000,
		-0.382683, 0.923878, -0.001717,
		-0.539855, 0.841757, 0.001430,
		-0.539853, 0.841758, 0.001430,
		-1.000000, -0.000000, -0.000000,
		0.158807, -0.987310, 0.000000,
		0.153456, -0.988155, 0.001331,
		0.164155, -0.986435, 0.000000,
		0.113657, 0.993520, 0.000000,
		0.164155, -0.986435, 0.000000,
		0.283097, -0.959091, 0.000000,
		0.950344, 0.311198, 0.001532,
		0.923877, 0.382682, -0.002318,
		0.855562, 0.517697, 0.001814,
		0.855559, 0.517703, 0.001814,
		0.793351, 0.608760, -0.002405,
		0.716344, 0.697745, 0.001761,
		0.716339, 0.697750, 0.001761,
		0.608760, 0.793351, -0.002193,
		0.539855, 0.841757, 0.001430,
		0.539853, 0.841758, 0.001430,
		0.000000, 0.000000, -1.000000,
		0.130527, 0.991444, -0.000989,
		0.382683, 0.923878, -0.001717,
		0.335351, 0.942093, 0.000845,
		0.335354, 0.942092, 0.000845
	],
	"colors":[
		13743500
	],
	"uvs":[[]],