{
	"metadata":{
		"formatVersion": 3,
		"fileName"     : "121.json",
		"generatedBy"  : "RaidaJSONExporter",
		"vertices"     : 16,
		"faces"        : 24,
		"normals"      : 14,
		"colors"       : 1
	},
	"materials":[],
	"vertices":[
		0.102369, 0.016738, -0.011700,
		0.102369, 0.035338, -0.011700,
		0.069769, 0.016738, -0.011700,
		0.069769, 0.035338, -0.011700,
		0.069769, 0.016738, -0.053700,
		0.076269, 0.016738, -0.047200,
		0.076269, 0.016738, -0.015200,
		0.095869, 0.016738, -0.015200,
		0.095869, 0.016738, -0.047200,
		0.102369, 0.016738, -0.053700,
		0.069769, 0.035338, -0.053700,
		0.102369, 0.035338, -0.053700,
		0.076269, 0.035338, -0.015200,
		0.076269, 0.035338, -0.047200,
		0.095869, 0.035338, -0.047200,
		0.095869, 0.035338, -0.015200
	],
	"morphTargets":[],
	"normals":[
		0.000000, -0.000000, 1.000000,
		-1.000000, 0.000000, 0.000000,
		0.000000, -1.000000, 0.000000,
		0.000000, -1.000000, 0.000000,
		-0.000000, -1.000000, -0.000000,
		0.000000, -1.000000, -0.000000,
		0.000000, -1.000000, 0.000000,
		0.000000, -1.000000, -0.000000,
		0.000000, 0.000000, -1.000000,
		1.000000, 0.000000, -0.000000,
		1.000000, -0.000000, 0.000000,
		0.000000, 1.000000, 0.000000,
		0.000000, 1.000000, 0.000000,
		-0.000000, 1.000000, 0.000000
	],
	"colors":[
		3355443
	],
	"uvs":[[]],
	"faces":[
		160, 0, 1, 2, 0, 0, 0, 0, 0, 0,
		160, 2, 1, 3, 0, 0, 0, 0, 0, 0,
		160, 2, 3, 4, 1, 1, 1, 0, 0, 0,
		160, 2, 4, 5, 2, 2, 2, 0, 0, 0,
		160, 2, 5, 6, 2, 2, 2, 0, 0, 0,
		160, 2, 6, 0, 3, 3, 3, 0, 0, 0,
		160, 6, 7, 0, 2, 2, 2, 0, 0, 0,
		160, 7, 8, 9, 4, 4, 4, 0, 0, 0,
		160, 7, 9, 0, 5, 5, 5, 0, 0, 0,
		160, 8, 5, 9, 6, 6, 6, 0, 0, 0,
		160, 5, 4, 9, 7, 7, 7, 0, 0, 0,
		160, 4, 3, 10, 1, 1, 1, 0, 0, 0,
		160, 4, 10, 9, 8, 8, 8, 0, 0, 0,
		160, 9, 10, 11, 8, 8, 8, 0, 0, 0,
		160, 9, 11, 0, 9, 9, 9, 0, 0, 0,
		160, 0, 11, 1, 10, 10, 10, 0, 0, 0,
		160, 3, 1, 12, 11, 11, 11, 0, 0, 0,
		160, 3, 12, 10, 12, 12, 12, 0, 0, 0,
		160, 10, 12, 13, 12, 12, 12, 0, 0, 0,
		160, 10, 13, 11, 12, 12, 12, 0, 0, 0,
		160, 13, 14, 11, 13, 13, 13, 0, 0, 0,
		160, 12, 1, 15, 13, 13, 13, 0, 0, 0,
		160, 15, 1, 14, 13, 13, 13, 0, 0, 0,
		160, 14, 1, 11, 13, 13, 13, 0, 0, 0
	]
}
