{
	"metadata":{
		"formatVersion": 3,
		"fileName"     : "124.json",
		"generatedBy"  : "RaidaJSONExporter",
		"vertices"     : 100,
		"faces"        : 112,
		"normals"      : 6,
		"colors"       : 1
	},
	"materials":[],
	"vertices":[
		0.048178, -0.066444, -0.013325,
		0.048851, -0.066656, -0.013325,
		0.048212, -0.066319, -0.013325,
		0.048548, -0.066904, -0.013325,
		0.049196, -0.066471, -0.013325,
		0.049572, -0.066357, -0.013325,
		0.049962, -0.066319, -0.013325,
		0.050352, -0.066357, -0.013325,
		0.050727, -0.066471, -0.013325,
		0.051712, -0.066319, -0.013325,
		0.051073, -0.066656, -0.013325,
		0.051745, -0.066444, -0.013325,
		0.051837, -0.066535, -0.013325,
		0.051376, -0.066904, -0.013325,
		0.051625, -0.067208, -0.013325,
		0.051962, -0.066569, -0.013325,
		0.051810, -0.067553, -0.013325,
		0.051923, -0.067929, -0.013325,
		0.051962, -0.068319, -0.013325,
		0.052087, -0.066535, -0.013325,
		0.051962, -0.066069, -0.013325,
		0.052087, -0.066102, -0.013325,
		0.052087, -0.065319, -0.013325,
		0.051837, -0.066102, -0.013325,
		0.052178, -0.066194, -0.013325,
		0.049962, -0.065319, -0.013325,
		0.051745, -0.066194, -0.013325,
		0.052962, -0.065319, -0.013325,
		0.052962, -0.066194, -0.013325,
		0.052212, -0.066319, -0.013325,
		0.052962, -0.068319, -0.013325,
		0.052178, -0.066444, -0.013325,
		0.046962, -0.065319, -0.013325,
		0.046962, -0.066194, -0.013325,
		0.047837, -0.066102, -0.013325,
		0.047837, -0.065319, -0.013325,
		0.047962, -0.066069, -0.013325,
		0.048087, -0.066102, -0.013325,
		0.047745, -0.066194, -0.013325,
		0.047712, -0.066319, -0.013325,
		0.047745, -0.066444, -0.013325,
		0.046962, -0.068319, -0.013325,
		0.047837, -0.066535, -0.013325,
		0.048178, -0.066194, -0.013325,
		0.049962, -0.066194, -0.013325,
		0.047837, -0.068319, -0.013325,
		0.047962, -0.066569, -0.013325,
		0.046962, -0.071319, -0.013325,
		0.047837, -0.071319, -0.013325,
		0.047745, -0.070444, -0.013325,
		0.046962, -0.070444, -0.013325,
		0.047712, -0.070319, -0.013325,
		0.047745, -0.070194, -0.013325,
		0.047837, -0.070535, -0.013325,
		0.047962, -0.070569, -0.013325,
		0.048087, -0.070535, -0.013325,
		0.047837, -0.070102, -0.013325,
		0.049962, -0.071319, -0.013325,
		0.048178, -0.070444, -0.013325,
		0.047962, -0.070069, -0.013325,
		0.047962, -0.068319, -0.013325,
		0.049962, -0.070444, -0.013325,
		0.048212, -0.070319, -0.013325,
		0.052962, -0.071319, -0.013325,
		0.052962, -0.070444, -0.013325,
		0.052178, -0.070444, -0.013325,
		0.052087, -0.071319, -0.013325,
		0.052087, -0.068319, -0.013325,
		0.051923, -0.068709, -0.013325,
		0.051962, -0.070069, -0.013325,
		0.051810, -0.069084, -0.013325,
		0.052087, -0.070102, -0.013325,
		0.052178, -0.070194, -0.013325,
		0.051837, -0.070102, -0.013325,
		0.052212, -0.070319, -0.013325,
		0.052087, -0.070535, -0.013325,
		0.051962, -0.070569, -0.013325,
		0.051837, -0.070535, -0.013325,
		0.051745, -0.070444, -0.013325,
		0.051625, -0.069430, -0.013325,
		0.051376, -0.069733, -0.013325,
		0.051745, -0.070194, -0.013325,
		0.051073, -0.069982, -0.013325,
		0.051712, -0.070319, -0.013325,
		0.050727, -0.070166, -0.013325,
		0.050352, -0.070280, -0.013325,
		0.049962, -0.070319, -0.013325,
		0.049572, -0.070280, -0.013325,
		0.049196, -0.070166, -0.013325,
		0.048178, -0.070194, -0.013325,
		0.048851, -0.069982, -0.013325,
		0.048087, -0.070102, -0.013325,
		0.048548, -0.069733, -0.013325,
		0.048299, -0.069430, -0.013325,
		0.048114, -0.069084, -0.013325,
		0.048000, -0.068709, -0.013325,
		0.048000, -0.067929, -0.013325,
		0.048114, -0.067553, -0.013325,
		0.048087, -0.066535, -0.013325,
		0.048299, -0.067208, -0.013325
	],
	"morphTargets":[],
	"normals":[
		-0.000000, 0.000000, 1.000000,
		0.000000, 0.000000, 1.000000,
		0.000000, -0.000000, 1.000000,
		0.000000, 0.000000, 1.000000,
		-0.000000, 0.000000, 1.000000,
		0.000000, -0.000000, 1.000000
	],
	"colors":[
		12566463
	],
	"uvs":[[]],
	"faces":[
		160, 0, 1, 2, 0, 0, 0, 0, 0, 0,
		160, 1, 0, 3, 1, 1, 1, 0, 0, 0,
		160, 1, 4, 2, 2, 2, 2, 0, 0, 0,
		160, 4, 5, 2, 2, 2, 2, 0, 0, 0,
		160, 5, 6, 2, 2, 2, 2, 0, 0, 0,
		160, 7, 8, 9, 0, 0, 0, 0, 0, 0,
		160, 7, 9, 6, 2, 2, 2, 0, 0, 0,
		160, 8, 10, 11, 0, 0, 0, 0, 0, 0,
		160, 8, 11, 9, 3, 3, 3, 0, 0, 0,
		160, 11, 10, 12, 3, 3, 3, 0, 0, 0,
		160, 10, 13, 12, 0, 0, 0, 0, 0, 0,
		160, 13, 14, 12, 0, 0, 0, 0, 0, 0,
		160, 12, 14, 15, 3, 3, 3, 0, 0, 0,
		160, 14, 16, 15, 0, 0, 0, 0, 0, 0,
		160, 16, 17, 15, 0, 0, 0, 0, 0, 0,
		160, 17, 18, 15, 0, 0, 0, 0, 0, 0,
		160, 15, 18, 19, 0, 0, 0, 0, 0, 0,
		160, 20, 21, 22, 4, 4, 4, 0, 0, 0,
		160, 20, 22, 23, 2, 2, 2, 0, 0, 0,
		160, 21, 24, 22, 0, 0, 0, 0, 0, 0,
		160, 23, 22, 25, 5, 5, 5, 0, 0, 0,
		160, 23, 25, 26, 3, 3, 3, 0, 0, 0,
		160, 22, 24, 27, 0, 0, 0, 0, 0, 0,
		160, 27, 24, 28, 3, 3, 3, 0, 0, 0,
		160, 24, 29, 28, 0, 0, 0, 0, 0, 0,
		160, 28, 29, 30, 1, 1, 1, 0, 0, 0,
		160, 29, 31, 30, 3, 3, 3, 0, 0, 0,
		160, 32, 33, 34, 3, 3, 3, 0, 0, 0,
		160, 32, 34, 35, 0, 0, 0, 0, 0, 0,
		160, 35, 34, 36, 1, 1, 1, 0, 0, 0,
		160, 35, 36, 25, 0, 0, 0, 0, 0, 0,
		160, 36, 37, 25, 0, 0, 0, 0, 0, 0,
		160, 34, 33, 38, 3, 3, 3, 0, 0, 0,
		160, 38, 33, 39, 3, 3, 3, 0, 0, 0,
		160, 39, 33, 40, 3, 3, 3, 0, 0, 0,
		160, 33, 41, 40, 3, 3, 3, 0, 0, 0,
		160, 40, 41, 42, 3, 3, 3, 0, 0, 0,
		160, 37, 43, 44, 3, 3, 3, 0, 0, 0,
		160, 37, 44, 25, 0, 0, 0, 0, 0, 0,
		160, 25, 44, 26, 3, 3, 3, 0, 0, 0,
		160, 26, 44, 9, 3, 3, 3, 0, 0, 0,
		160, 44, 43, 6, 3, 3, 3, 0, 0, 0,
		160, 44, 6, 9, 1, 1, 1, 0, 0, 0,
		160, 43, 2, 6, 1, 1, 1, 0, 0, 0,
		160, 42, 41, 45, 3, 3, 3, 0, 0, 0,
		160, 42, 45, 46, 3, 3, 3, 0, 0, 0,
		160, 47, 48, 49, 3, 3, 3, 0, 0, 0,
		160, 47, 49, 50, 3, 3, 3, 0, 0, 0,
		160, 50, 49, 51, 3, 3, 3, 0, 0, 0,
		160, 50, 51, 41, 2, 2, 2, 0, 0, 0,
		160, 51, 52, 41, 2, 2, 2, 0, 0, 0,
		160, 49, 48, 53, 3, 3, 3, 0, 0, 0,
		160, 53, 48, 54, 1, 1, 1, 0, 0, 0,
		160, 54, 48, 55, 0, 0, 0, 0, 0, 0,
		160, 41, 52, 45, 0, 0, 0, 0, 0, 0,
		160, 52, 56, 45, 3, 3, 3, 0, 0, 0,
		160, 48, 57, 55, 1, 1, 1, 0, 0, 0,
		160, 55, 57, 58, 0, 0, 0, 0, 0, 0,
		160, 56, 59, 60, 3, 3, 3, 0, 0, 0,
		160, 56, 60, 45, 5, 5, 5, 0, 0, 0,
		160, 45, 60, 46, 3, 3, 3, 0, 0, 0,
		160, 58, 57, 61, 0, 0, 0, 0, 0, 0,
		160, 58, 61, 62, 3, 3, 3, 0, 0, 0,
		160, 63, 64, 65, 2, 2, 2, 0, 0, 0,
		160, 63, 65, 66, 3, 3, 3, 0, 0, 0,
		160, 31, 19, 67, 3, 3, 3, 0, 0, 0,
		160, 31, 67, 30, 3, 3, 3, 0, 0, 0,
		160, 19, 18, 67, 3, 3, 3, 0, 0, 0,
		160, 18, 68, 69, 3, 3, 3, 0, 0, 0,
		160, 18, 69, 67, 0, 0, 0, 0, 0, 0,
		160, 68, 70, 69, 1, 1, 1, 0, 0, 0,
		160, 67, 69, 71, 3, 3, 3, 0, 0, 0,
		160, 67, 71, 30, 0, 0, 0, 0, 0, 0,
		160, 71, 72, 30, 0, 0, 0, 0, 0, 0,
		160, 69, 70, 73, 3, 3, 3, 0, 0, 0,
		160, 72, 74, 64, 3, 3, 3, 0, 0, 0,
		160, 72, 64, 30, 0, 0, 0, 0, 0, 0,
		160, 74, 65, 64, 3, 3, 3, 0, 0, 0,
		160, 65, 75, 66, 3, 3, 3, 0, 0, 0,
		160, 75, 76, 66, 1, 1, 1, 0, 0, 0,
		160, 66, 76, 57, 3, 3, 3, 0, 0, 0,
		160, 76, 77, 57, 1, 1, 1, 0, 0, 0,
		160, 57, 77, 61, 3, 3, 3, 0, 0, 0,
		160, 77, 78, 61, 3, 3, 3, 0, 0, 0,
		160, 70, 79, 73, 1, 1, 1, 0, 0, 0,
		160, 79, 80, 73, 3, 3, 3, 0, 0, 0,
		160, 73, 80, 81, 3, 3, 3, 0, 0, 0,
		160, 80, 82, 81, 3, 3, 3, 0, 0, 0,
		160, 81, 82, 83, 3, 3, 3, 0, 0, 0,
		160, 82, 84, 83, 3, 3, 3, 0, 0, 0,
		160, 84, 85, 83, 3, 3, 3, 0, 0, 0,
		160, 85, 86, 83, 3, 3, 3, 0, 0, 0,
		160, 83, 86, 78, 1, 1, 1, 0, 0, 0,
		160, 78, 86, 61, 3, 3, 3, 0, 0, 0,
		160, 61, 86, 62, 5, 5, 5, 0, 0, 0,
		160, 86, 87, 62, 3, 3, 3, 0, 0, 0,
		160, 87, 88, 62, 3, 3, 3, 0, 0, 0,
		160, 62, 88, 89, 2, 2, 2, 0, 0, 0,
		160, 88, 90, 89, 3, 3, 3, 0, 0, 0,
		160, 89, 90, 91, 2, 2, 2, 0, 0, 0,
		160, 90, 92, 91, 3, 3, 3, 0, 0, 0,
		160, 92, 93, 91, 3, 3, 3, 0, 0, 0,
		160, 91, 93, 59, 2, 2, 2, 0, 0, 0,
		160, 93, 94, 59, 3, 3, 3, 0, 0, 0,
		160, 94, 95, 59, 1, 1, 1, 0, 0, 0,
		160, 59, 95, 60, 2, 2, 2, 0, 0, 0,
		160, 60, 96, 46, 3, 3, 3, 0, 0, 0,
		160, 96, 97, 46, 2, 2, 2, 0, 0, 0,
		160, 46, 97, 98, 0, 0, 0, 0, 0, 0,
		160, 97, 99, 98, 2, 2, 2, 0, 0, 0,
		160, 98, 99, 0, 0, 0, 0, 0, 0, 0,
