{
	"metadata":{
		"formatVersion": 3,
		"fileName"     : "130.json",
		"generatedBy"  : "RaidaJSONExporter",
		"vertices"     : 60,
		"faces"        : 70,
		"normals"      : 33,
		"colors"       : 1
	},
	"materials":[],
	"vertices":[
		0.091400, 0.005500, -0.050500,
		0.091600, 0.005500, -0.050500,
		0.091400, 0.005500, -0.049789,
		0.091400, 0.005249, -0.050500,
		0.091544, 0.005257, -0.050789,
		0.091500, 0.005259, -0.050789,
		0.091588, 0.005251, -0.050789,
		0.091600, 0.005249, -0.050789,
		0.091456, 0.005257, -0.050789,
		0.091600, 0.004850, -0.050789,
		0.091600, 0.005249, -0.050500,
		0.091412, 0.005251, -0.050789,
		0.091600, 0.004850, -0.049789,
		0.091400, 0.005249, -0.050789,
		0.091400, 0.004850, -0.050789,
		0.091400, 0.004850, -0.049789,
		0.091600, 0.005500, -0.049789,
		0.091400, 0.004000, -0.049789,
		0.091600, 0.004000, -0.049789,
		0.091400, 0.004000, -0.050500,
		0.091400, 0.004650, -0.049789,
		0.091600, 0.004000, -0.050500,
		0.091400, 0.004251, -0.050500,
		0.091456, 0.004243, -0.050789,
		0.091500, 0.004241, -0.050789,
		0.091412, 0.004249, -0.050789,
		0.091544, 0.004243, -0.050789,
		0.091600, 0.004251, -0.050500,
		0.091600, 0.004650, -0.049789,
		0.091600, 0.004251, -0.050789,
		0.091400, 0.004251, -0.050789,
		0.091400, 0.004650, -0.050789,
		0.091588, 0.004249, -0.050789,
		0.091600, 0.004650, -0.050789,
		0.090750, 0.004850, -0.049789,
		0.090750, 0.004650, -0.049789,
		0.090750, 0.004650, -0.050500,
		0.090750, 0.004850, -0.050500,
		0.091001, 0.004850, -0.050500,
		0.090993, 0.004794, -0.050789,
		0.090991, 0.004750, -0.050789,
		0.090999, 0.004838, -0.050789,
		0.090993, 0.004706, -0.050789,
		0.091001, 0.004650, -0.050500,
		0.091001, 0.004650, -0.050789,
		0.090999, 0.004662, -0.050789,
		0.091001, 0.004850, -0.050789,
		0.092250, 0.004650, -0.049789,
		0.092250, 0.004650, -0.050500,
		0.091999, 0.004650, -0.050500,
		0.091999, 0.004650, -0.050789,
		0.092001, 0.004662, -0.050789,
		0.092007, 0.004706, -0.050789,
		0.092009, 0.004750, -0.050789,
		0.092007, 0.004794, -0.050789,
		0.092001, 0.004838, -0.050789,
		0.092250, 0.004850, -0.050500,
		0.091999, 0.004850, -0.050789,
		0.092250, 0.004850, -0.049789,
		0.091999, 0.004850, -0.050500
	],
	"morphTargets":[],
	"normals":[
		0.000000, -1.000000, 0.000000,
		1.000000, 0.000000, -0.000000,
		0.000000, 0.000000, 1.000000,
		0.000000, 0.000000, 1.000000,
		-1.000000, 0.000000, 0.000000,
		-1.000000, -0.000000, 0.000000,
		-1.000000, 0.000000, 0.000000,
		1.000000, 0.000000, -0.000000,
		1.000000, 0.000000, 0.000000,
		-1.000000, -0.000000, -0.000000,
		-0.000000, 1.000000, 0.000000,
		1.000000, -0.000000, 0.000000,
		0.000000, 1.000000, 0.000000,
		-0.000000, -0.000000, 1.000000,
		0.000000, -0.000000, 1.000000,
		1.000000, 0.000000, 0.000000,
		1.000000, -0.000000, 0.000000,
		-0.000000, 0.000000, 1.000000,
		0.000000, -0.000000, 1.000000,
		-0.000000, -1.000000, 0.000000,
		-0.000000, 0.000000, 1.000000,
		-0.000000, 1.000000, -0.000000,
		0.000000, 1.000000, -0.000000,
		-0.000000, 1.000000, 0.000000,
		0.000000, 1.000000, -0.000000,
		-0.000000, -1.000000, 0.000000,
		-0.000000, -1.000000, -0.000000,
		0.000000, 1.000000, 0.000000,
		0.000000, 1.000000, -0.000000,
		0.000000, 1.000000, 0.000000,
		0.000000, 1.000000, 0.000000,
		-0.000000, -1.000000, 0.000000,
		-0.000000, -1.000000, 0.000000
	],
	"colors":[
		16777215
	],
	"uvs":[[]],
	"faces":[
		160, 0, 1, 2, 0, 0, 0, 0, 0, 0,
		160, 0, 2, 3, 1, 1, 1, 0, 0, 0,
		160, 4, 5, 6, 2, 2, 2, 0, 0, 0,
		160, 6, 5, 7, 3, 3, 3, 0, 0, 0,
		160, 5, 8, 7, 3, 3, 3, 0, 0, 0,
		160, 7, 8, 9, 2, 2, 2, 0, 0, 0,
		160, 7, 9, 10, 4, 4, 4, 0, 0, 0,
		160, 8, 11, 9, 2, 2, 2, 0, 0, 0,
		160, 10, 9, 12, 5, 5, 5, 0, 0, 0,
		160, 10, 12, 1, 6, 6, 6, 0, 0, 0,
		160, 11, 13, 14, 2, 2, 2, 0, 0, 0,
		160, 11, 14, 9, 3, 3, 3, 0, 0, 0,
		160, 13, 3, 15, 7, 7, 7, 0, 0, 0,
		160, 13, 15, 14, 8, 8, 8, 0, 0, 0,
		160, 3, 2, 15, 1, 1, 1, 0, 0, 0,
		160, 2, 1, 16, 0, 0, 0, 0, 0, 0,
		160, 16, 1, 12, 9, 9, 9, 0, 0, 0,
		160, 17, 18, 19, 10, 10, 10, 0, 0, 0,
		160, 17, 19, 20, 11, 11, 11, 0, 0, 0,
		160, 19, 18, 21, 12, 12, 12, 0, 0, 0,
		160, 19, 22, 20, 8, 8, 8, 0, 0, 0,
		160, 23, 24, 25, 13, 13, 13, 0, 0, 0,
		160, 24, 26, 25, 14, 14, 14, 0, 0, 0,
		160, 21, 18, 27, 6, 6, 6, 0, 0, 0,
		160, 18, 28, 27, 6, 6, 6, 0, 0, 0,
		160, 27, 28, 29, 4, 4, 4, 0, 0, 0,
		160, 22, 30, 31, 15, 15, 15, 0, 0, 0,
		160, 22, 31, 20, 16, 16, 16, 0, 0, 0,
		160, 30, 25, 31, 17, 17, 17, 0, 0, 0,
		160, 25, 26, 31, 13, 13, 13, 0, 0, 0,
		160, 26, 32, 31, 18, 18, 18, 0, 0, 0,
		160, 32, 29, 33, 2, 2, 2, 0, 0, 0,
		160, 32, 33, 31, 14, 14, 14, 0, 0, 0,
		160, 29, 28, 33, 6, 6, 6, 0, 0, 0,
		160, 34, 35, 36, 8, 8, 8, 0, 0, 0,
		160, 34, 36, 37, 8, 8, 8, 0, 0, 0,
		160, 34, 37, 15, 19, 19, 19, 0, 0, 0,
		160, 37, 38, 15, 0, 0, 0, 0, 0, 0,
		160, 39, 40, 41, 17, 17, 17, 0, 0, 0,
		160, 40, 42, 41, 20, 20, 20, 0, 0, 0,
		160, 36, 35, 43, 21, 21, 21, 0, 0, 0,
		160, 35, 20, 43, 22, 22, 22, 0, 0, 0,
		160, 43, 20, 44, 23, 23, 23, 0, 0, 0,
		160, 20, 31, 44, 24, 24, 24, 0, 0, 0,
		160, 44, 31, 45, 13, 13, 13, 0, 0, 0,
		160, 15, 38, 14, 25, 25, 25, 0, 0, 0,
		160, 38, 46, 14, 26, 26, 26, 0, 0, 0,
		160, 46, 41, 14, 2, 2, 2, 0, 0, 0,
		160, 41, 42, 14, 17, 17, 17, 0, 0, 0,
		160, 42, 45, 14, 17, 17, 17, 0, 0, 0,
		160, 45, 31, 14, 20, 20, 20, 0, 0, 0,
		160, 31, 33, 14, 2, 2, 2, 0, 0, 0,
		160, 14, 33, 9, 17, 17, 17, 0, 0, 0,
		160, 28, 47, 48, 27, 27, 27, 0, 0, 0,
		160, 28, 48, 49, 28, 28, 28, 0, 0, 0,
		160, 28, 49, 33, 29, 29, 29, 0, 0, 0,
		160, 49, 50, 33, 30, 30, 30, 0, 0, 0,
		160, 50, 51, 33, 18, 18, 18, 0, 0, 0,
		160, 52, 53, 51, 18, 18, 18, 0, 0, 0,
		160, 53, 54, 51, 2, 2, 2, 0, 0, 0,
		160, 51, 54, 33, 18, 18, 18, 0, 0, 0,
		160, 54, 55, 33, 2, 2, 2, 0, 0, 0,
		160, 48, 47, 56, 6, 6, 6, 0, 0, 0,
		160, 33, 55, 9, 3, 3, 3, 0, 0, 0,
		160, 55, 57, 9, 2, 2, 2, 0, 0, 0,
		160, 47, 58, 56, 6, 6, 6, 0, 0, 0,
		160, 56, 58, 59, 0, 0, 0, 0, 0, 0,
		160, 58, 12, 59, 31, 31, 31, 0, 0, 0,
		160, 59, 12, 57, 26, 26, 26, 0, 0, 0,
		160, 57, 12, 9, 32, 32, 32, 0, 0, 0
	]
}
