{
	"metadata":{
		"formatVersion": 3,
		"fileName"     : "133.json",
		"generatedBy"  : "RaidaJSONExporter",
		"vertices"     : 40,
		"faces"        : 40,
		"normals"      : 40,
		"colors"       : 1
	},
	"materials":[],
	"vertices":[
		-0.038615, 0.023824, -0.015598,
		-0.038600, 0.023075, -0.015598,
		-0.038436, 0.023828, -0.015247,
		-0.038421, 0.023078, -0.015247,
		-0.038157, 0.023833, -0.014968,
		-0.038677, 0.023823, -0.015987,
		-0.038615, 0.023824, -0.016377,
		-0.038600, 0.023075, -0.016377,
		-0.038662, 0.023073, -0.015987,
		-0.038143, 0.023083, -0.014968,
		-0.037791, 0.023090, -0.014789,
		-0.037806, 0.023840, -0.014789,
		-0.038421, 0.023078, -0.016728,
		-0.038436, 0.023828, -0.016728,
		-0.038143, 0.023083, -0.017007,
		-0.038157, 0.023833, -0.017007,
		-0.037791, 0.023090, -0.017186,
		-0.037806, 0.023840, -0.017186,
		-0.037402, 0.023098, -0.017247,
		-0.037417, 0.023848, -0.017247,
		-0.037013, 0.023106, -0.017186,
		-0.037028, 0.023855, -0.017186,
		-0.036662, 0.023112, -0.017007,
		-0.036676, 0.023862, -0.017007,
		-0.036383, 0.023118, -0.016728,
		-0.036398, 0.023868, -0.016728,
		-0.036204, 0.023121, -0.016377,
		-0.036219, 0.023871, -0.016377,
		-0.036142, 0.023123, -0.015987,
		-0.036157, 0.023872, -0.015987,
		-0.036204, 0.023121, -0.015598,
		-0.036219, 0.023871, -0.015598,
		-0.036383, 0.023118, -0.015247,
		-0.036398, 0.023868, -0.015247,
		-0.036662, 0.023112, -0.014968,
		-0.036676, 0.023862, -0.014968,
		-0.037013, 0.023106, -0.014789,
		-0.037028, 0.023855, -0.014789,
		-0.037402, 0.023098, -0.014727,
		-0.037417, 0.023848, -0.014727
	],
	"morphTargets":[],
	"normals":[
		-0.890837, -0.017389, 0.453990,
		-0.890837, -0.017389, 0.453990,
		-0.706972, -0.013800, 0.707107,
		-0.987500, -0.019276, -0.156435,
		-0.987500, -0.019276, -0.156435,
		-0.987500, -0.019276, 0.156435,
		-0.987500, -0.019276, 0.156435,
		-0.453904, -0.008860, 0.891007,
		-0.453904, -0.008860, 0.891007,
		-0.706972, -0.013800, 0.707107,
		-0.890837, -0.017389, -0.453991,
		-0.890837, -0.017389, -0.453991,
		-0.706972, -0.013800, -0.707107,
		-0.706972, -0.013800, -0.707107,
		-0.453904, -0.008860, -0.891007,
		-0.453904, -0.008860, -0.891007,
		-0.156405, -0.003053, -0.987688,
		-0.156405, -0.003053, -0.987688,
		0.156405, 0.003053, -0.987688,
		0.156405, 0.003053, -0.987688,
		0.453904, 0.008860, -0.891007,
		0.453904, 0.008860, -0.891007,
		0.706972, 0.013800, -0.707107,
		0.706972, 0.013800, -0.707107,
		0.890837, 0.017389, -0.453991,
		0.890837, 0.017389, -0.453991,
		0.987500, 0.019276, -0.156435,
		0.987500, 0.019276, -0.156435,
		0.987500, 0.019276, 0.156435,
		0.987500, 0.019276, 0.156435,
		0.890837, 0.017389, 0.453990,
		0.890837, 0.017389, 0.453990,
		0.706972, 0.013800, 0.707107,
		0.706972, 0.013800, 0.707107,
		0.453904, 0.008860, 0.891007,
		0.453904, 0.008860, 0.891007,
		0.156404, 0.003053, 0.987688,
		0.156404, 0.003053, 0.987688,
		-0.156404, -0.003053, 0.987688,
		-0.156404, -0.003053, 0.987688
	],
	"colors":[
		2015006
	],
	"uvs":[[]],
	"faces":[
		160, 0, 1, 2, 0, 0, 0, 0, 0, 0,
		160, 2, 1, 3, 1, 1, 1, 0, 0, 0,
		160, 2, 3, 4, 2, 2, 2, 0, 0, 0,
		160, 5, 6, 7, 3, 3, 3, 0, 0, 0,
		160, 5, 7, 8, 4, 4, 4, 0, 0, 0,
		160, 5, 8, 0, 5, 5, 5, 0, 0, 0,
		160, 8, 1, 0, 6, 6, 6, 0, 0, 0,
		160, 9, 10, 11, 7, 7, 7, 0, 0, 0,
		160, 9, 11, 4, 8, 8, 8, 0, 0, 0,
		160, 9, 4, 3, 9, 9, 9, 0, 0, 0,
		160, 7, 6, 12, 10, 10, 10, 0, 0, 0,
		160, 6, 13, 12, 11, 11, 11, 0, 0, 0,
		160, 12, 13, 14, 12, 12, 12, 0, 0, 0,
		160, 13, 15, 14, 13, 13, 13, 0, 0, 0,
		160, 14, 15, 16, 14, 14, 14, 0, 0, 0,
		160, 15, 17, 16, 15, 15, 15, 0, 0, 0,
		160, 16, 17, 18, 16, 16, 16, 0, 0, 0,
		160, 17, 19, 18, 17, 17, 17, 0, 0, 0,
		160, 18, 19, 20, 18, 18, 18, 0, 0, 0,
		160, 19, 21, 20, 19, 19, 19, 0, 0, 0,
		160, 20, 21, 22, 20, 20, 20, 0, 0, 0,
		160, 21, 23, 22, 21, 21, 21, 0, 0, 0,
		160, 22, 23, 24, 22, 22, 22, 0, 0, 0,
		160, 23, 25, 24, 23, 23, 23, 0, 0, 0,
		160, 24, 25, 26, 24, 24, 24, 0, 0, 0,
		160, 25, 27, 26, 25, 25, 25, 0, 0, 0,
		160, 26, 27, 28, 26, 26, 26, 0, 0, 0,
		160, 27, 29, 28, 27, 27, 27, 0, 0, 0,
		160, 28, 29, 30, 28, 28, 28, 0, 0, 0,
		160, 29, 31, 30, 29, 29, 29, 0, 0, 0,
		160, 30, 31, 32, 30, 30, 30, 0, 0, 0,
		160, 31, 33, 32, 31, 31, 31, 0, 0, 0,
		160, 32, 33, 34, 32, 32, 32, 0, 0, 0,
		160, 33, 35, 34, 33, 33, 33, 0, 0, 0,
		160, 34, 35, 36, 34, 34, 34, 0, 0, 0,
		160, 35, 37, 36, 35, 35, 35, 0, 0, 0,
		160, 36, 37, 38, 36, 36, 36, 0, 0, 0,
		160, 37, 39, 38, 37, 37, 37, 0, 0, 0,
		160, 38, 39, 10, 38, 38, 38, 0, 0, 0,
		160, 10, 39, 11, 39, 39, 39, 0, 0, 0
	]
}
