{
	"metadata":{
		"formatVersion": 3,
		"fileName"     : "134.json",
		"generatedBy"  : "RaidaJSONExporter",
		"vertices"     : 60,
		"faces"        : 70,
		"normals"      : 25,
		"colors"       : 1
	},
	"materials":[],
	"vertices":[
		0.127900, 0.028250, -0.032500,
		0.128100, 0.028250, -0.032500,
		0.127900, 0.028250, -0.031789,
		0.127900, 0.027999, -0.032500,
		0.128044, 0.028007, -0.032789,
		0.128000, 0.028009, -0.032789,
		0.128088, 0.028001, -0.032789,
		0.128100, 0.027999, -0.032789,
		0.127956, 0.028007, -0.032789,
		0.128100, 0.027600, -0.032789,
		0.128100, 0.027999, -0.032500,
		0.127912, 0.028001, -0.032789,
		0.128100, 0.027600, -0.031789,
		0.127900, 0.027999, -0.032789,
		0.127900, 0.027600, -0.032789,
		0.127900, 0.027600, -0.031789,
		0.128100, 0.028250, -0.031789,
		0.127900, 0.026750, -0.031789,
		0.128100, 0.026750, -0.031789,
		0.127900, 0.026750, -0.032500,
		0.127900, 0.027400, -0.031789,
		0.128100, 0.026750, -0.032500,
		0.127900, 0.027001, -0.032500,
		0.127956, 0.026993, -0.032789,
		0.128000, 0.026991, -0.032789,
		0.127912, 0.026999, -0.032789,
		0.128044, 0.026993, -0.032789,
		0.128100, 0.027001, -0.032500,
		0.128100, 0.027400, -0.031789,
		0.128100, 0.027001, -0.032789,
		0.127900, 0.027001, -0.032789,
		0.127900, 0.027400, -0.032789,
		0.128088, 0.026999, -0.032789,
		0.128100, 0.027400, -0.032789,
		0.127250, 0.027600, -0.031789,
		0.127250, 0.027400, -0.031789,
		0.127250, 0.027400, -0.032500,
		0.127250, 0.027600, -0.032500,
		0.127501, 0.027600, -0.032500,
		0.127493, 0.027544, -0.032789,
		0.127491, 0.027500, -0.032789,
		0.127499, 0.027588, -0.032789,
		0.127493, 0.027456, -0.032789,
		0.127501, 0.027400, -0.032500,
		0.127501, 0.027400, -0.032789,
		0.127499, 0.027412, -0.032789,
		0.127501, 0.027600, -0.032789,
		0.128750, 0.027400, -0.031789,
		0.128750, 0.027400, -0.032500,
		0.128499, 0.027400, -0.032500,
		0.128499, 0.027400, -0.032789,
		0.128501, 0.027412, -0.032789,
		0.128507, 0.027456, -0.032789,
		0.128509, 0.027500, -0.032789,
		0.128507, 0.027544, -0.032789,
		0.128501, 0.027588, -0.032789,
		0.128750, 0.027600, -0.032500,
		0.128499, 0.027600, -0.032789,
		0.128750, 0.027600, -0.031789,
		0.128499, 0.027600, -0.032500
	],
	"morphTargets":[],
	"normals":[
		0.000000, -1.000000, 0.000000,
		1.000000, 0.000000, -0.000000,
		0.000000, 0.000000, 1.000000,
		0.000000, 0.000000, 1.000000,
		-1.000000, 0.000000, 0.000000,
		-1.000000, -0.000000, 0.000000,
		-1.000000, 0.000000, 0.000000,
		1.000000, 0.000000, -0.000000,
		1.000000, 0.000000, 0.000000,
		-1.000000, -0.000000, -0.000000,
		-0.000000, 1.000000, 0.000000,
		1.000000, -0.000000, 0.000000,
		0.000000, 1.000000, 0.000000,
		-0.000000, -0.000000, 1.000000,
		0.000000, -0.000000, 1.000000,
		1.000000, 0.000000, 0.000000,
		-0.000000, 0.000000, 1.000000,
		0.000000, -0.000000, 1.000000,
		-0.000000, 0.000000, 1.000000,
		-0.000000, 1.000000, 0.000000,
		0.000000, -1.000000, -0.000000,
		0.000000, -1.000000, 0.000000,
		0.000000, 1.000000, 0.000000,
		-0.000000, -1.000000, 0.000000,
		-0.000000, -1.000000, -0.000000
	],
	"colors":[
		16777215
	],
	"uvs":[[]],
	"faces":[
		160, 0, 1, 2, 0, 0, 0, 0, 0, 0,
		160, 0, 2, 3, 1, 1, 1, 0, 0, 0,
		160, 4, 5, 6, 2, 2, 2, 0, 0, 0,
		160, 6, 5, 7, 3, 3, 3, 0, 0, 0,
		160, 5, 8, 7, 3, 3, 3, 0, 0, 0,
		160, 7, 8, 9, 2, 2, 2, 0, 0, 0,
		160, 7, 9, 10, 4, 4, 4, 0, 0, 0,
		160, 8, 11, 9, 2, 2, 2, 0, 0, 0,
		160, 10, 9, 12, 5, 5, 5, 0, 0, 0,
		160, 10, 12, 1, 6, 6, 6, 0, 0, 0,
		160, 11, 13, 14, 2, 2, 2, 0, 0, 0,
		160, 11, 14, 9, 3, 3, 3, 0, 0, 0,
		160, 13, 3, 15, 7, 7, 7, 0, 0, 0,
		160, 13, 15, 14, 8, 8, 8, 0, 0, 0,
		160, 3, 2, 15, 1, 1, 1, 0, 0, 0,
		160, 2, 1, 16, 0, 0, 0, 0, 0, 0,
		160, 16, 1, 12, 9, 9, 9, 0, 0, 0,
		160, 17, 18, 19, 10, 10, 10, 0, 0, 0,
		160, 17, 19, 20, 11, 11, 11, 0, 0, 0,
		160, 19, 18, 21, 12, 12, 12, 0, 0, 0,
		160, 19, 22, 20, 8, 8, 8, 0, 0, 0,
		160, 23, 24, 25, 13, 13, 13, 0, 0, 0,
		160, 24, 26, 25, 14, 14, 14, 0, 0, 0,
		160, 21, 18, 27, 6, 6, 6, 0, 0, 0,
		160, 18, 28, 27, 6, 6, 6, 0, 0, 0,
		160, 27, 28, 29, 4, 4, 4, 0, 0, 0,
		160, 22, 30, 31, 15, 15, 15, 0, 0, 0,
		160, 22, 31, 20, 11, 11, 11, 0, 0, 0,
		160, 30, 25, 31, 16, 16, 16, 0, 0, 0,
		160, 25, 26, 31, 13, 13, 13, 0, 0, 0,
		160, 26, 32, 31, 17, 17, 17, 0, 0, 0,
		160, 32, 29, 33, 2, 2, 2, 0, 0, 0,
		160, 32, 33, 31, 14, 14, 14, 0, 0, 0,
		160, 29, 28, 33, 6, 6, 6, 0, 0, 0,
		160, 34, 35, 36, 8, 8, 8, 0, 0, 0,
		160, 34, 36, 37, 8, 8, 8, 0, 0, 0,
		160, 34, 37, 15, 0, 0, 0, 0, 0, 0,
		160, 37, 38, 15, 0, 0, 0, 0, 0, 0,
		160, 39, 40, 41, 16, 16, 16, 0, 0, 0,
		160, 40, 42, 41, 18, 18, 18, 0, 0, 0,
		160, 36, 35, 43, 12, 12, 12, 0, 0, 0,
		160, 35, 20, 43, 10, 10, 10, 0, 0, 0,
		160, 43, 20, 44, 19, 19, 19, 0, 0, 0,
		160, 20, 31, 44, 12, 12, 12, 0, 0, 0,
		160, 44, 31, 45, 17, 17, 17, 0, 0, 0,
		160, 15, 38, 14, 20, 20, 20, 0, 0, 0,
		160, 38, 46, 14, 21, 21, 21, 0, 0, 0,
		160, 46, 41, 14, 16, 16, 16, 0, 0, 0,
		160, 41, 42, 14, 16, 16, 16, 0, 0, 0,
		160, 42, 45, 14, 16, 16, 16, 0, 0, 0,
		160, 45, 31, 14, 18, 18, 18, 0, 0, 0,
		160, 31, 33, 14, 2, 2, 2, 0, 0, 0,
		160, 14, 33, 9, 16, 16, 16, 0, 0, 0,
		160, 28, 47, 48, 10, 10, 10, 0, 0, 0,
		160, 28, 48, 49, 12, 12, 12, 0, 0, 0,
		160, 28, 49, 33, 12, 12, 12, 0, 0, 0,
		160, 49, 50, 33, 22, 22, 22, 0, 0, 0,
		160, 50, 51, 33, 17, 17, 17, 0, 0, 0,
		160, 52, 53, 51, 17, 17, 17, 0, 0, 0,
		160, 53, 54, 51, 3, 3, 3, 0, 0, 0,
		160, 51, 54, 33, 17, 17, 17, 0, 0, 0,
		160, 54, 55, 33, 2, 2, 2, 0, 0, 0,
		160, 48, 47, 56, 6, 6, 6, 0, 0, 0,
		160, 33, 55, 9, 3, 3, 3, 0, 0, 0,
		160, 55, 57, 9, 2, 2, 2, 0, 0, 0,
		160, 47, 58, 56, 6, 6, 6, 0, 0, 0,
		160, 56, 58, 59, 23, 23, 23, 0, 0, 0,
		160, 58, 12, 59, 23, 23, 23, 0, 0, 0,
		160, 59, 12, 57, 24, 24, 24, 0, 0, 0,
		160, 57, 12, 9, 0, 0, 0, 0, 0, 0
	]
}
