{
	"metadata":{
		"formatVersion": 3,
		"fileName"     : "142.json",
		"generatedBy"  : "RaidaJSONExporter",
		"vertices"     : 144,
		"faces"        : 144,
		"normals"      : 117,
		"colors"       : 1
	},
	"materials":[],
	"vertices":[
		0.057640, -0.011249, -0.021975,
		0.057605, -0.011249, -0.020976,
		0.057634, -0.011205, -0.021975,
		0.057599, -0.011205, -0.020976,
		0.057625, -0.011163, -0.021976,
		0.057642, -0.011292, -0.021975,
		0.057640, -0.011336, -0.021975,
		0.057605, -0.011336, -0.020976,
		0.057607, -0.011292, -0.020976,
		0.057590, -0.011163, -0.020976,
		0.057577, -0.011121, -0.020977,
		0.057611, -0.011121, -0.021976,
		0.057560, -0.011081, -0.020977,
		0.057595, -0.011081, -0.021977,
		0.057540, -0.011042, -0.020978,
		0.057575, -0.011042, -0.021977,
		0.057516, -0.011005, -0.020979,
		0.057551, -0.011005, -0.021978,
		0.057490, -0.010971, -0.020980,
		0.057525, -0.010971, -0.021979,
		0.057460, -0.010939, -0.020981,
		0.057495, -0.010939, -0.021980,
		0.057428, -0.010909, -0.020982,
		0.057463, -0.010909, -0.021981,
		0.057394, -0.010883, -0.020983,
		0.057429, -0.010883, -0.021983,
		0.057357, -0.010859, -0.020984,
		0.057392, -0.010859, -0.021984,
		0.057318, -0.010839, -0.020986,
		0.057353, -0.010839, -0.021985,
		0.057278, -0.010822, -0.020987,
		0.057313, -0.010822, -0.021987,
		0.057236, -0.010809, -0.020989,
		0.057271, -0.010809, -0.021988,
		0.057194, -0.010800, -0.020990,
		0.057229, -0.010800, -0.021990,
		0.057151, -0.010794, -0.020992,
		0.057185, -0.010794, -0.021991,
		0.057107, -0.010792, -0.020993,
		0.057142, -0.010792, -0.021993,
		0.057063, -0.010794, -0.020995,
		0.057098, -0.010794, -0.021994,
		0.057020, -0.010800, -0.020996,
		0.057055, -0.010800, -0.021996,
		0.056978, -0.010809, -0.020998,
		0.057013, -0.010809, -0.021997,
		0.056936, -0.010822, -0.020999,
		0.056971, -0.010822, -0.021999,
		0.056896, -0.010839, -0.021001,
		0.056931, -0.010839, -0.022000,
		0.056857, -0.010859, -0.021002,
		0.056892, -0.010859, -0.022001,
		0.056820, -0.010883, -0.021003,
		0.056855, -0.010883, -0.022003,
		0.056786, -0.010909, -0.021004,
		0.056821, -0.010909, -0.022004,
		0.056754, -0.010939, -0.021005,
		0.056789, -0.010939, -0.022005,
		0.056724, -0.010971, -0.021007,
		0.056759, -0.010971, -0.022006,
		0.056698, -0.011005, -0.021007,
		0.056733, -0.011005, -0.022007,
		0.056674, -0.011042, -0.021008,
		0.056709, -0.011042, -0.022008,
		0.056654, -0.011081, -0.021009,
		0.056689, -0.011081, -0.022008,
		0.056637, -0.011121, -0.021010,
		0.056672, -0.011121, -0.022009,
		0.056624, -0.011163, -0.021010,
		0.056659, -0.011163, -0.022009,
		0.056615, -0.011205, -0.021010,
		0.056650, -0.011205, -0.022010,
		0.056609, -0.011249, -0.021011,
		0.056644, -0.011249, -0.022010,
		0.056607, -0.011292, -0.021011,
		0.056642, -0.011292, -0.022010,
		0.056609, -0.011336, -0.021011,
		0.056644, -0.011336, -0.022010,
		0.056615, -0.011379, -0.021010,
		0.056650, -0.011379, -0.022010,
		0.056624, -0.011422, -0.021010,
		0.056659, -0.011422, -0.022009,
		0.056637, -0.011463, -0.021010,
		0.056672, -0.011463, -0.022009,
		0.056654, -0.011504, -0.021009,
		0.056689, -0.011504, -0.022008,
		0.056674, -0.011542, -0.021008,
		0.056709, -0.011542, -0.022008,
		0.056698, -0.011579, -0.021007,
		0.056733, -0.011579, -0.022007,
		0.056724, -0.011614, -0.021007,
		0.056759, -0.011614, -0.022006,
		0.056754, -0.011646, -0.021005,
		0.056789, -0.011646, -0.022005,
		0.056786, -0.011675, -0.021004,
		0.056821, -0.011675, -0.022004,
		0.056820, -0.011702, -0.021003,
		0.056855, -0.011702, -0.022003,
		0.056857, -0.011725, -0.021002,
		0.056892, -0.011725, -0.022001,
		0.056896, -0.011745, -0.021001,
		0.056931, -0.011745, -0.022000,
		0.056936, -0.011762, -0.020999,
		0.056971, -0.011762, -0.021999,
		0.056978, -0.011775, -0.020998,
		0.057013, -0.011775, -0.021997,
		0.057020, -0.011785, -0.020996,
		0.057055, -0.011785, -0.021996,
		0.057063, -0.011790, -0.020995,
		0.057098, -0.011790, -0.021994,
		0.057107, -0.011792, -0.020993,
		0.057142, -0.011792, -0.021993,
		0.057151, -0.011790, -0.020992,
		0.057185, -0.011790, -0.021991,
		0.057194, -0.011785, -0.020990,
		0.057229, -0.011785, -0.021990,
		0.057599, -0.011379, -0.020976,
		0.057634, -0.011379, -0.021975,
		0.057590, -0.011422, -0.020976,
		0.057625, -0.011422, -0.021976,
		0.057577, -0.011463, -0.020977,
		0.057611, -0.011463, -0.021976,
		0.057560, -0.011504, -0.020977,
		0.057595, -0.011504, -0.021977,
		0.057540, -0.011542, -0.020978,
		0.057575, -0.011542, -0.021977,
		0.057516, -0.011579, -0.020979,
		0.057551, -0.011579, -0.021978,
		0.057490, -0.011614, -0.020980,
		0.057525, -0.011614, -0.021979,
		0.057460, -0.011646, -0.020981,
		0.057495, -0.011646, -0.021980,
		0.057428, -0.011675, -0.020982,
		0.057463, -0.011675, -0.021981,
		0.057394, -0.011702, -0.020983,
		0.057429, -0.011702, -0.021983,
		0.057357, -0.011725, -0.020984,
		0.057392, -0.011725, -0.021984,
		0.057318, -0.011745, -0.020986,
		0.057353, -0.011745, -0.021985,
		0.057278, -0.011762, -0.020987,
		0.057313, -0.011762, -0.021987,
		0.057236, -0.011775, -0.020989,
		0.057271, -0.011775, -0.021988
	],
	"morphTargets":[],