{
	"metadata":{
		"formatVersion": 3,
		"fileName"     : "143.json",
		"generatedBy"  : "RaidaJSONExporter",
		"vertices"     : 46,
		"faces"        : 67,
		"normals"      : 33,
		"colors"       : 1
	},
	"materials":[],
	"vertices":[
		-0.060181, -0.058868, -0.013325,
		-0.060289, -0.059118, -0.013325,
		-0.060461, -0.059329, -0.013325,
		-0.060181, -0.058868, -0.016500,
		-0.060289, -0.059118, -0.016500,
		-0.060461, -0.059329, -0.016500,
		-0.060684, -0.059486, -0.016500,
		-0.060684, -0.059486, -0.013325,
		-0.060940, -0.059577, -0.016500,
		-0.060940, -0.059577, -0.013325,
		-0.061920, -0.057967, -0.013325,
		-0.061212, -0.059596, -0.016500,
		-0.061212, -0.059596, -0.013325,
		-0.061479, -0.059540, -0.013325,
		-0.061479, -0.059540, -0.016500,
		-0.061721, -0.059415, -0.013325,
		-0.061721, -0.059415, -0.016500,
		-0.061920, -0.059229, -0.013325,
		-0.061920, -0.059229, -0.016500,
		-0.062061, -0.058997, -0.013325,
		-0.062061, -0.058997, -0.016500,
		-0.062135, -0.058734, -0.013325,
		-0.062135, -0.058734, -0.016500,
		-0.060144, -0.058598, -0.016500,
		-0.062135, -0.058462, -0.016500,
		-0.062135, -0.058462, -0.013325,
		-0.062061, -0.058200, -0.013325,
		-0.062061, -0.058200, -0.016500,
		-0.061920, -0.057967, -0.016500,
		-0.061721, -0.057781, -0.013325,
		-0.061721, -0.057781, -0.016500,
		-0.061479, -0.057656, -0.013325,
		-0.061479, -0.057656, -0.016500,
		-0.061212, -0.057601, -0.016500,
		-0.061212, -0.057601, -0.013325,
		-0.060940, -0.057619, -0.013325,
		-0.060940, -0.057619, -0.016500,
		-0.060684, -0.057710, -0.013325,
		-0.060684, -0.057710, -0.016500,
		-0.060461, -0.057867, -0.013325,
		-0.060461, -0.057867, -0.016500,
		-0.060289, -0.058079, -0.013325,
		-0.060289, -0.058079, -0.016500,
		-0.060181, -0.058328, -0.013325,
		-0.060181, -0.058328, -0.016500,
		-0.060144, -0.058598, -0.013325
	],
	"morphTargets":[],
	"normals":[
		0.000000, 0.000000, -1.000000,
		-0.917215, 0.398393, 0.000000,
		-0.775712, 0.631086, 0.000000,
		-0.576678, 0.816972, 0.000000,
		-0.334879, 0.942261, 0.000000,
		-0.000000, 0.000000, -1.000000,
		-0.068241, 0.997669, 0.000000,
		0.203459, 0.979083, 0.000000,
		0.000000, 0.000000, -1.000000,
		0.460064, 0.887886, 0.000000,
		0.682553, 0.730837, 0.000000,
		0.854417, 0.519587, 0.000000,
		0.962918, 0.269794, 0.000000,
		-0.990685, 0.136176, 0.000000,
		1.000000, 0.000000, 0.000000,
		0.962918, -0.269793, 0.000000,
		0.854417, -0.519589, 0.000000,
		0.682553, -0.730837, 0.000000,
		0.460066, -0.887884, 0.000000,
		0.203456, -0.979084, 0.000000,
		-0.068241, -0.997669, -0.000000,
		0.000000, -0.000000, -1.000000,
		-0.068241, -0.997669, 0.000000,
		-0.334879, -0.942261, -0.000000,
		-0.334879, -0.942261, 0.000000,
		-0.576678, -0.816972, -0.000000,
		-0.576678, -0.816972, 0.000000,
		-0.775711, -0.631088, -0.000000,
		-0.775711, -0.631088, 0.000000,
		-0.917215, -0.398393, -0.000000,
		-0.917215, -0.398393, 0.000000,
		-0.990685, -0.136176, -0.000000,
		-0.990685, -0.136176, 0.000000
	],
	"colors":[
		12632256
	],
	"uvs":[[]],
	"faces":[
		160, 0, 1, 2, 0, 0, 0, 0, 0, 0,
		160, 1, 0, 3, 1, 1, 1, 0, 0, 0,
		160, 1, 3, 4, 1, 1, 1, 0, 0, 0,
		160, 1, 4, 2, 2, 2, 2, 0, 0, 0,
		160, 4, 5, 2, 2, 2, 2, 0, 0, 0,
		160, 5, 6, 7, 3, 3, 3, 0, 0, 0,
		160, 5, 7, 2, 3, 3, 3, 0, 0, 0,
		160, 6, 8, 9, 4, 4, 4, 0, 0, 0,
		160, 6, 9, 7, 4, 4, 4, 0, 0, 0,
		160, 7, 9, 10, 5, 5, 5, 0, 0, 0,
		160, 7, 10, 2, 0, 0, 0, 0, 0, 0,
		160, 8, 11, 12, 6, 6, 6, 0, 0, 0,
		160, 8, 12, 9, 6, 6, 6, 0, 0, 0,
		160, 12, 11, 13, 7, 7, 7, 0, 0, 0,
		160, 12, 13, 9, 0, 0, 0, 0, 0, 0,
		160, 9, 13, 10, 8, 8, 8, 0, 0, 0,
		160, 11, 14, 13, 7, 7, 7, 0, 0, 0,
		160, 13, 14, 15, 9, 9, 9, 0, 0, 0,
		160, 13, 15, 10, 0, 0, 0, 0, 0, 0,
		160, 14, 16, 15, 9, 9, 9, 0, 0, 0,
		160, 15, 16, 17, 10, 10, 10, 0, 0, 0,
		160, 15, 17, 10, 0, 0, 0, 0, 0, 0,
		160, 16, 18, 17, 10, 10, 10, 0, 0, 0,
		160, 17, 18, 19, 11, 11, 11, 0, 0, 0,
		160, 17, 19, 10, 0, 0, 0, 0, 0, 0,
		160, 18, 20, 19, 11, 11, 11, 0, 0, 0,
		160, 19, 20, 21, 12, 12, 12, 0, 0, 0,
		160, 19, 21, 10, 0, 0, 0, 0, 0, 0,
		160, 20, 22, 21, 12, 12, 12, 0, 0, 0,
		160, 3, 0, 23, 13, 13, 13, 0, 0, 0,
		160, 22, 24, 25, 14, 14, 14, 0, 0, 0,
		160, 22, 25, 21, 14, 14, 14, 0, 0, 0,
		160, 25, 24, 26, 15, 15, 15, 0, 0, 0,
		160, 25, 26, 21, 0, 0, 0, 0, 0, 0,
		160, 21, 26, 10, 0, 0, 0, 0, 0, 0,
		160, 24, 27, 26, 15, 15, 15, 0, 0, 0,
		160, 26, 27, 10, 16, 16, 16, 0, 0, 0,
		160, 27, 28, 10, 16, 16, 16, 0, 0, 0,
		160, 10, 28, 29, 17, 17, 17, 0, 0, 0,
		160, 10, 29, 2, 0, 0, 0, 0, 0, 0,
		160, 28, 30, 29, 17, 17, 17, 0, 0, 0,
		160, 29, 30, 31, 18, 18, 18, 0, 0, 0,
		160, 29, 31, 2, 0, 0, 0, 0, 0, 0,
		160, 30, 32, 31, 18, 18, 18, 0, 0, 0,
		160, 32, 33, 34, 19, 19, 19, 0, 0, 0,
		160, 32, 34, 31, 19, 19, 19, 0, 0, 0,
		160, 34, 33, 35, 20, 20, 20, 0, 0, 0,
		160, 34, 35, 31, 21, 21, 21, 0, 0, 0,
		160, 31, 35, 2, 0, 0, 0, 0, 0, 0,
		160, 33, 36, 35, 22, 22, 22, 0, 0, 0,
		160, 35, 36, 37, 23, 23, 23, 0, 0, 0,
		160, 35, 37, 2, 8, 8, 8, 0, 0, 0,
		160, 36, 38, 37, 24, 24, 24, 0, 0, 0,
		160, 37, 38, 39, 25, 25, 25, 0, 0, 0,
		160, 37, 39, 2, 0, 0, 0, 0, 0, 0,
		160, 38, 40, 39, 26, 26, 26, 0, 0, 0,
		160, 39, 40, 41, 27, 27, 27, 0, 0, 0,
		160, 39, 41, 2, 0, 0, 0, 0, 0, 0,
		160, 40, 42, 41, 28, 28, 28, 0, 0, 0,
		160, 41, 42, 43, 29, 29, 29, 0, 0, 0,
		160, 41, 43, 2, 21, 21, 21, 0, 0, 0,
		160, 42, 44, 43, 30, 30, 30, 0, 0, 0,
		160, 2, 43, 0, 0, 0, 0, 0, 0, 0,
		160, 43, 44, 45, 31, 31, 31, 0, 0, 0,
		160, 43, 45, 0, 0, 0, 0, 0, 0, 0,
		160, 44, 23, 45, 32, 32, 32, 0, 0, 0,
		160, 45, 23, 0, 13, 13, 13, 0, 0, 0
	]
}
