{
	"metadata":{
		"formatVersion": 3,
		"fileName"     : "145.json",
		"generatedBy"  : "RaidaJSONExporter",
		"vertices"     : 74,
		"faces"        : 99,
		"normals"      : 55,
		"colors"       : 1
	},
	"materials":[],
	"vertices":[
		0.001365, 0.014813, 0.020600,
		0.001365, 0.014813, 0.020500,
		-0.003639, 0.015110, 0.020500,
		-0.008412, 0.016643, 0.020500,
		-0.003639, 0.015110, 0.020600,
		-0.012654, 0.019315, 0.020500,
		-0.008412, 0.016643, 0.020600,
		-0.016099, 0.022957, 0.020500,
		-0.012654, 0.019315, 0.020600,
		-0.018529, 0.027342, 0.020500,
		-0.016099, 0.022957, 0.020600,
		-0.019793, 0.032194, 0.020500,
		-0.018529, 0.027342, 0.020600,
		-0.019810, 0.037207, 0.020500,
		-0.019793, 0.032194, 0.020600,
		-0.018580, 0.042067, 0.020500,
		-0.019810, 0.037207, 0.020600,
		-0.016180, 0.046469, 0.020500,
		-0.018580, 0.042067, 0.020600,
		-0.012761, 0.050135, 0.020500,
		-0.016180, 0.046469, 0.020600,
		-0.008537, 0.052836, 0.020500,
		-0.012761, 0.050135, 0.020600,
		-0.003775, 0.054401, 0.020500,
		-0.008537, 0.052836, 0.020600,
		0.001228, 0.054733, 0.020500,
		-0.003775, 0.054401, 0.020600,
		0.006156, 0.053811, 0.020500,
		0.001228, 0.054733, 0.020600,
		-0.001301, 0.052217, 0.020600,
		-0.005771, 0.051275, 0.020600,
		-0.009846, 0.049209, 0.020600,
		-0.013246, 0.046158, 0.020600,
		-0.015741, 0.042331, 0.020600,
		-0.017160, 0.037989, 0.020600,
		-0.017408, 0.033427, 0.020600,
		-0.016466, 0.028957, 0.020600,
		-0.014399, 0.024882, 0.020600,
		-0.011348, 0.021482, 0.020600,
		0.003261, 0.051970, 0.020600,
		-0.007521, 0.018987, 0.020600,
		-0.003179, 0.017567, 0.020600,
		0.001383, 0.017320, 0.020600,
		0.005853, 0.018262, 0.020600,
		0.006287, 0.015769, 0.020600,
		0.009927, 0.020329, 0.020600,
		0.010815, 0.017919, 0.020600,
		0.013328, 0.023380, 0.020600,
		0.014667, 0.021128, 0.020600,
		0.015823, 0.027207, 0.020600,
		0.017600, 0.025194, 0.020600,
		0.017242, 0.031549, 0.020600,
		0.019429, 0.029862, 0.020600,
		0.017489, 0.036111, 0.020600,
		0.020041, 0.034838, 0.020600,
		0.016547, 0.040581, 0.020600,
		0.019395, 0.039809, 0.020600,
		0.014481, 0.044655, 0.020600,
		0.017534, 0.044464, 0.020600,
		0.011430, 0.048055, 0.020600,
		0.014573, 0.048510, 0.020600,
		0.007603, 0.050550, 0.020600,
		0.010699, 0.051692, 0.020600,
		0.006156, 0.053811, 0.020600,
		0.010699, 0.051692, 0.020500,
		0.014573, 0.048510, 0.020500,
		0.017534, 0.044464, 0.020500,
		0.019395, 0.039809, 0.020500,
		0.020041, 0.034838, 0.020500,
		0.019429, 0.029862, 0.020500,
		0.017600, 0.025194, 0.020500,
		0.014667, 0.021128, 0.020500,
		0.010815, 0.017919, 0.020500,
		0.006287, 0.015769, 0.020500
	],
	"morphTargets":[],
	"normals":[
		0.059349, 0.998237, 0.000000,
		0.305736, 0.952116, 0.000000,
		0.059349, 0.998237, 0.000000,
		0.532913, 0.846170, -0.000000,
		0.305736, 0.952116, -0.000000,
		0.726604, 0.687057, -0.000000,
		0.874640, 0.484772, -0.000000,
		0.967720, 0.252028, -0.000000,
		0.999994, 0.003448, -0.000000,
		0.969435, -0.245349, 0.000000,
		0.877962, -0.478729, 0.000000,
		0.731325, -0.682029, 0.000000,
		0.538735, -0.842475, 0.000000,
		0.312294, -0.949985, 0.000000,
		0.066231, -0.997804, 0.000000,
		-0.183993, -0.982927, 0.000000,
		0.000000, 0.000000, -1.000000,
		0.000000, -0.000000, -1.000000,
		-0.000000, -0.000000, -1.000000,
		0.000000, -0.000000, -1.000000,
		0.000000, 0.000000, -1.000000,
		-0.000000, 0.000000, -1.000000,
		-0.000000, 0.000000, -1.000000,
		-0.000000, -0.000000, -1.000000,
		0.000000, -0.000000, -1.000000,
		-0.000000, 0.000000, -1.000000,
		0.000000, -0.000000, -1.000000,
		0.000000, -0.000000, -1.000000,
		0.000000, -0.000000, -1.000000,
		-0.000000, -0.000000, -1.000000,
		0.000000, -0.000000, -1.000000,
		-0.000000, -0.000000, -1.000000,
		0.000000, -0.000000, -1.000000,
		-0.000000, -0.000000, -1.000000,
		-0.000000, -0.000000, -1.000000,
		-0.000000, -0.000000, -1.000000,
		-0.000000, -0.000000, -1.000000,
		-0.000000, -0.000000, -1.000000,
		-0.000000, -0.000000, -1.000000,
		-0.000000, -0.000000, -1.000000,
		0.000000, -0.000000, -1.000000,
		0.000000, -0.000000, -1.000000,
		-0.000000, -0.000000, -1.000000,
		-0.422657, -0.906290, 0.000000,
		-0.634763, -0.772707, 0.000000,
		-0.806986, -0.590571, 0.000000,
		-0.928502, -0.371328, 0.000000,
		-0.991677, -0.128753, 0.000000,
		-0.992541, 0.121912, 0.000000,
		-0.931040, 0.364916, 0.000000,
		-0.931040, 0.364916, 0.000000,
		-0.811039, 0.584992, 0.000000,
		-0.640077, 0.768311, 0.000000,
		-0.428896, 0.903354, 0.000000,
		-0.190767, 0.981635, 0.000000
	],
	"colors":[
		12566463
	],
	"uvs":[[]],