{
	"metadata":{
		"formatVersion": 3,
		"fileName"     : "147.json",
		"generatedBy"  : "RaidaJSONExporter",
		"vertices"     : 46,
		"faces"        : 67,
		"normals"      : 33,
		"colors"       : 1
	},
	"materials":[],
	"vertices":[
		-0.048999, -0.068589, -0.013325,
		-0.049107, -0.068838, -0.013325,
		-0.049279, -0.069050, -0.013325,
		-0.048999, -0.068589, -0.016500,
		-0.049107, -0.068838, -0.016500,
		-0.049279, -0.069050, -0.016500,
		-0.049502, -0.069207, -0.016500,
		-0.049502, -0.069207, -0.013325,
		-0.049758, -0.069298, -0.016500,
		-0.049758, -0.069298, -0.013325,
		-0.050737, -0.067688, -0.013325,
		-0.050030, -0.069316, -0.016500,
		-0.050030, -0.069316, -0.013325,
		-0.050297, -0.069261, -0.013325,
		-0.050297, -0.069261, -0.016500,
		-0.050538, -0.069136, -0.013325,
		-0.050538, -0.069136, -0.016500,
		-0.050737, -0.068950, -0.013325,
		-0.050737, -0.068950, -0.016500,
		-0.050879, -0.068717, -0.013325,
		-0.050879, -0.068717, -0.016500,
		-0.050952, -0.068455, -0.013325,
		-0.050952, -0.068455, -0.016500,
		-0.048962, -0.068319, -0.016500,
		-0.050952, -0.068183, -0.016500,
		-0.050952, -0.068183, -0.013325,
		-0.050879, -0.067920, -0.013325,
		-0.050879, -0.067920, -0.016500,
		-0.050737, -0.067688, -0.016500,
		-0.050538, -0.067502, -0.013325,
		-0.050538, -0.067502, -0.016500,
		-0.050297, -0.067376, -0.013325,
		-0.050297, -0.067376, -0.016500,
		-0.050030, -0.067321, -0.016500,
		-0.050030, -0.067321, -0.013325,
		-0.049758, -0.067340, -0.013325,
		-0.049758, -0.067340, -0.016500,
		-0.049502, -0.067431, -0.013325,
		-0.049502, -0.067431, -0.016500,
		-0.049279, -0.067588, -0.013325,
		-0.049279, -0.067588, -0.016500,
		-0.049107, -0.067799, -0.013325,
		-0.049107, -0.067799, -0.016500,
		-0.048999, -0.068049, -0.013325,
		-0.048999, -0.068049, -0.016500,
		-0.048962, -0.068319, -0.013325
	],
	"morphTargets":[],
	"normals":[
		0.000000, 0.000000, -1.000000,
		-0.917215, 0.398393, 0.000000,
		-0.775712, 0.631086, 0.000000,
		-0.576678, 0.816972, 0.000000,
		-0.334879, 0.942261, 0.000000,
		-0.000000, 0.000000, -1.000000,
		-0.068241, 0.997669, 0.000000,
		0.203459, 0.979083, 0.000000,
		0.000000, 0.000000, -1.000000,
		0.460064, 0.887886, 0.000000,
		0.682553, 0.730837, 0.000000,
		0.854417, 0.519587, 0.000000,
		0.962918, 0.269794, 0.000000,
		-0.990685, 0.136176, 0.000000,
		1.000000, 0.000000, 0.000000,
		0.962918, -0.269793, 0.000000,
		0.854417, -0.519589, 0.000000,
		0.682553, -0.730837, 0.000000,
		0.460066, -0.887884, 0.000000,
		0.203456, -0.979084, 0.000000,
		-0.068241, -0.997669, -0.000000,
		0.000000, -0.000000, -1.000000,
		-0.068241, -0.997669, 0.000000,
		-0.334879, -0.942261, -0.000000,
		-0.334879, -0.942261, 0.000000,
		-0.576678, -0.816972, -0.000000,
		-0.576678, -0.816972, 0.000000,
		-0.775711, -0.631088, -0.000000,
		-0.775711, -0.631088, 0.000000,
		-0.917215, -0.398393, -0.000000,
		-0.917215, -0.398393, 0.000000,
		-0.990685, -0.136176, -0.000000,
		-0.990685, -0.136176, 0.000000
	],
	"colors":[
		12632256
	],
	"uvs":[[]],
	"faces":[
		160, 0, 1, 2, 0, 0, 0, 0, 0, 0,
		160, 1, 0, 3, 1, 1, 1, 0, 0, 0,
		160, 1, 3, 4, 1, 1, 1, 0, 0, 0,
		160, 1, 4, 2, 2, 2, 2, 0, 0, 0,
		160, 4, 5, 2, 2, 2, 2, 0, 0, 0,
		160, 5, 6, 7, 3, 3, 3, 0, 0, 0,
		160, 5, 7, 2, 3, 3, 3, 0, 0, 0,
		160, 6, 8, 9, 4, 4, 4, 0, 0, 0,
		160, 6, 9, 7, 4, 4, 4, 0, 0, 0,
		160, 7, 9, 10, 5, 5, 5, 0, 0, 0,
		160, 7, 10, 2, 0, 0, 0, 0, 0, 0,
		160, 8, 11, 12, 6, 6, 6, 0, 0, 0,
		160, 8, 12, 9, 6, 6, 6, 0, 0, 0,
		160, 12, 11, 13, 7, 7, 7, 0, 0, 0,
		160, 12, 13, 9, 0, 0, 0, 0, 0, 0,
		160, 9, 13, 10, 8, 8, 8, 0, 0, 0,
		160, 11, 14, 13, 7, 7, 7, 0, 0, 0,
		160, 13, 14, 15, 9, 9, 9, 0, 0, 0,
		160, 13, 15, 10, 0, 0, 0, 0, 0, 0,
		160, 14, 16, 15, 9, 9, 9, 0, 0, 0,
		160, 15, 16, 17, 10, 10, 10, 0, 0, 0,
		160, 15, 17, 10, 0, 0, 0, 0, 0, 0,
		160, 16, 18, 17, 10, 10, 10, 0, 0, 0,
		160, 17, 18, 19, 11, 11, 11, 0, 0, 0,
		160, 17, 19, 10, 0, 0, 0, 0, 0, 0,
		160, 18, 20, 19, 11, 11, 11, 0, 0, 0,
		160, 19, 20, 21, 12, 12, 12, 0, 0, 0,
		160, 19, 21, 10, 0, 0, 0, 0, 0, 0,
		160, 20, 22, 21, 12, 12, 12, 0, 0, 0,
		160, 3, 0, 23, 13, 13, 13, 0, 0, 0,
		160, 22, 24, 25, 14, 14, 14, 0, 0, 0,
		160, 22, 25, 21, 14, 14, 14, 0, 0, 0,
		160, 25, 24, 26, 15, 15, 15, 0, 0, 0,
		160, 25, 26, 21, 0, 0, 0, 0, 0, 0,
		160, 21, 26, 10, 0, 0, 0, 0, 0, 0,
		160, 24, 27, 26, 15, 15, 15, 0, 0, 0,
		160, 26, 27, 10, 16, 16, 16, 0, 0, 0,
		160, 27, 28, 10, 16, 16, 16, 0, 0, 0,
		160, 10, 28, 29, 17, 17, 17, 0, 0, 0,
		160, 10, 29, 2, 0, 0, 0, 0, 0, 0,
		160, 28, 30, 29, 17, 17, 17, 0, 0, 0,
		160, 29, 30, 31, 18, 18, 18, 0, 0, 0,
		160, 29, 31, 2, 0, 0, 0, 0, 0, 0,
		160, 30, 32, 31, 18, 18, 18, 0, 0, 0,
		160, 32, 33, 34, 19, 19, 19, 0, 0, 0,
		160, 32, 34, 31, 19, 19, 19, 0, 0, 0,
		160, 34, 33, 35, 20, 20, 20, 0, 0, 0,
		160, 34, 35, 31, 21, 21, 21, 0, 0, 0,
		160, 31, 35, 2, 0, 0, 0, 0, 0, 0,
		160, 33, 36, 35, 22, 22, 22, 0, 0, 0,
		160, 35, 36, 37, 23, 23, 23, 0, 0, 0,
		160, 35, 37, 2, 8, 8, 8, 0, 0, 0,
		160, 36, 38, 37, 24, 24, 24, 0, 0, 0,
		160, 37, 38, 39, 25, 25, 25, 0, 0, 0,
		160, 37, 39, 2, 0, 0, 0, 0, 0, 0,
		160, 38, 40, 39, 26, 26, 26, 0, 0, 0,
		160, 39, 40, 41, 27, 27, 27, 0, 0, 0,
		160, 39, 41, 2, 0, 0, 0, 0, 0, 0,
		160, 40, 42, 41, 28, 28, 28, 0, 0, 0,
		160, 41, 42, 43, 29, 29, 29, 0, 0, 0,
		160, 41, 43, 2, 21, 21, 21, 0, 0, 0,
		160, 42, 44, 43, 30, 30, 30, 0, 0, 0,
		160, 2, 43, 0, 0, 0, 0, 0, 0, 0,
		160, 43, 44, 45, 31, 31, 31, 0, 0, 0,
		160, 43, 45, 0, 0, 0, 0, 0, 0, 0,
		160, 44, 23, 45, 32, 32, 32, 0, 0, 0,
		160, 45, 23, 0, 13, 13, 13, 0, 0, 0
	]
}
