{
	"metadata":{
		"formatVersion": 3,
		"fileName"     : "15.json",
		"generatedBy"  : "RaidaJSONExporter",
		"vertices"     : 100,
		"faces"        : 100,
		"normals"      : 32,
		"colors"       : 1
	},
	"materials":[],
	"vertices":[
		-0.077372, -0.012198, -0.024490,
		-0.077734, -0.012295, -0.024490,
		-0.077734, -0.012295, -0.021990,
		-0.078097, -0.012198, -0.021990,
		-0.077372, -0.012198, -0.021990,
		-0.077107, -0.011933, -0.021990,
		-0.077107, -0.011933, -0.024490,
		-0.077009, -0.011570, -0.024490,
		-0.077009, -0.011570, -0.021990,
		-0.077107, -0.011208, -0.024490,
		-0.077107, -0.011208, -0.021990,
		-0.077372, -0.010942, -0.024490,
		-0.077372, -0.010942, -0.021990,
		-0.077734, -0.010845, -0.024490,
		-0.077734, -0.010845, -0.021990,
		-0.078097, -0.010942, -0.024490,
		-0.078097, -0.010942, -0.021990,
		-0.078362, -0.011208, -0.024490,
		-0.078362, -0.011208, -0.021990,
		-0.078459, -0.011570, -0.024490,
		-0.078459, -0.011570, -0.021990,
		-0.078362, -0.011933, -0.024490,
		-0.078362, -0.011933, -0.021990,
		-0.078097, -0.012198, -0.024490,
		-0.077372, -0.001591, -0.024490,
		-0.077372, -0.001591, -0.021990,
		-0.077107, -0.001326, -0.024490,
		-0.077107, -0.001326, -0.021990,
		-0.077009, -0.000963, -0.024490,
		-0.077009, -0.000963, -0.021990,
		-0.077107, -0.000601, -0.024490,
		-0.077107, -0.000601, -0.021990,
		-0.077372, -0.000336, -0.021990,
		-0.077372, -0.000336, -0.024490,
		-0.077734, -0.000238, -0.024490,
		-0.077734, -0.000238, -0.021990,
		-0.078097, -0.000336, -0.024490,
		-0.078097, -0.000336, -0.021990,
		-0.078362, -0.000601, -0.024490,
		-0.078362, -0.000601, -0.021990,
		-0.078459, -0.000963, -0.024490,
		-0.078459, -0.000963, -0.021990,
		-0.078362, -0.001326, -0.024490,
		-0.078362, -0.001326, -0.021990,
		-0.078097, -0.001591, -0.024490,
		-0.078097, -0.001591, -0.021990,
		-0.077734, -0.001688, -0.024490,
		-0.077734, -0.001688, -0.021990,
		-0.088341, -0.000238, -0.021990,
		-0.088077, -0.000309, -0.024490,
		-0.087979, -0.000336, -0.021990,
		-0.087979, -0.000336, -0.024490,
		-0.087713, -0.000601, -0.021990,
		-0.087713, -0.000601, -0.024490,
		-0.087616, -0.000963, -0.021990,
		-0.087616, -0.000963, -0.024490,
		-0.087713, -0.001326, -0.024490,
		-0.087713, -0.001326, -0.021990,
		-0.087979, -0.001591, -0.024490,
		-0.087979, -0.001591, -0.021990,
		-0.088077, -0.001618, -0.024490,
		-0.088341, -0.001688, -0.021990,
		-0.088341, -0.001688, -0.024490,
		-0.088704, -0.001591, -0.021990,
		-0.088704, -0.001591, -0.024490,
		-0.088969, -0.001326, -0.021990,
		-0.088969, -0.001326, -0.024490,
		-0.089066, -0.000963, -0.021990,
		-0.089066, -0.000963, -0.024490,
		-0.088969, -0.000601, -0.021990,
		-0.088969, -0.000601, -0.024490,
		-0.088704, -0.000336, -0.021990,
		-0.088704, -0.000336, -0.024490,
		-0.088341, -0.000238, -0.024490,
		-0.088341, -0.010845, -0.021990,
		-0.088077, -0.010916, -0.024490,
		-0.087979, -0.010942, -0.021990,
		-0.087979, -0.010942, -0.024490,
		-0.087713, -0.011208, -0.021990,
		-0.087713, -0.011208, -0.024490,
		-0.087616, -0.011570, -0.021990,
		-0.087616, -0.011570, -0.024490,
		-0.087713, -0.011933, -0.024490,
		-0.087713, -0.011933, -0.021990,
		-0.087979, -0.012198, -0.024490,
		-0.087979, -0.012198, -0.021990,
		-0.088077, -0.012224, -0.024490,
		-0.088341, -0.012295, -0.021990,
		-0.088341, -0.012295, -0.024490,
		-0.088704, -0.012198, -0.021990,
		-0.088704, -0.012198, -0.024490,
		-0.088969, -0.011933, -0.021990,
		-0.088969, -0.011933, -0.024490,
		-0.089066, -0.011570, -0.021990,
		-0.089066, -0.011570, -0.024490,
		-0.088969, -0.011208, -0.021990,
		-0.088969, -0.011208, -0.024490,
		-0.088704, -0.010942, -0.021990,
		-0.088704, -0.010942, -0.024490,
		-0.088341, -0.010845, -0.024490
	],
	"morphTargets":[],
	"normals":[
		-0.258818, 0.965926, 0.000000,
		0.258821, 0.965925, 0.000000,
		-0.707104, 0.707109, 0.000000,
		-0.965927, 0.258813, 0.000000,
		-0.965927, -0.258815, 0.000000,
		-0.707104, -0.707109, 0.000000,
		-0.258818, -0.965926, 0.000000,
		0.258821, -0.965925, 0.000000,
		0.707104, -0.707109, 0.000000,
		0.965927, -0.258815, 0.000000,
		0.965927, 0.258813, -0.000000,
		0.965927, 0.258813, 0.000000,
		0.707104, 0.707109, -0.000000,
		0.707104, 0.707109, 0.000000,
		0.258821, 0.965925, -0.000000,
		-0.965927, 0.258815, 0.000000,
		-0.965927, -0.258813, 0.000000,
		-0.707104, -0.707109, -0.000000,
		0.965927, -0.258813, 0.000000,
		0.965927, 0.258815, -0.000000,
		0.965927, 0.258815, 0.000000,
		-0.258818, -0.965926, -0.000000,
		-0.258824, -0.965925, -0.000000,
		-0.965927, -0.258813, -0.000000,
		-0.258824, 0.965925, 0.000000,
		-0.258818, 0.965926, -0.000000,
		-0.258816, 0.965927, 0.000000,
		-0.258816, -0.965927, 0.000000,
		-0.965927, -0.258815, -0.000000,
		-0.707104, 0.707109, 0.000000,
		-0.258824, 0.965925, 0.000000,
		-0.258818, 0.965926, -0.000000
	],
	"colors":[
		6680691
	],
	"uvs":[[]],