{
	"metadata":{
		"formatVersion": 3,
		"fileName"     : "153.json",
		"generatedBy"  : "RaidaJSONExporter",
		"vertices"     : 40,
		"faces"        : 40,
		"normals"      : 40,
		"colors"       : 1
	},
	"materials":[],
	"vertices":[
		0.094304, -0.001306, -0.048523,
		0.095054, -0.001296, -0.048523,
		0.094301, -0.001127, -0.048172,
		0.095051, -0.001117, -0.048172,
		0.094298, -0.000848, -0.047893,
		0.094304, -0.001367, -0.048913,
		0.094304, -0.001306, -0.049302,
		0.095054, -0.001296, -0.049302,
		0.095054, -0.001358, -0.048913,
		0.095048, -0.000839, -0.047893,
		0.095044, -0.000488, -0.047714,
		0.094294, -0.000497, -0.047714,
		0.095051, -0.001117, -0.049653,
		0.094301, -0.001127, -0.049653,
		0.095048, -0.000839, -0.049932,
		0.094298, -0.000848, -0.049932,
		0.095044, -0.000488, -0.050111,
		0.094294, -0.000497, -0.050111,
		0.095039, -0.000098, -0.050173,
		0.094289, -0.000107, -0.050173,
		0.095034, 0.000291, -0.050111,
		0.094284, 0.000282, -0.050111,
		0.095030, 0.000642, -0.049932,
		0.094280, 0.000633, -0.049932,
		0.095026, 0.000921, -0.049653,
		0.094276, 0.000912, -0.049653,
		0.095024, 0.001100, -0.049302,
		0.094274, 0.001091, -0.049302,
		0.095023, 0.001162, -0.048913,
		0.094273, 0.001152, -0.048913,
		0.095024, 0.001100, -0.048523,
		0.094274, 0.001091, -0.048523,
		0.095026, 0.000921, -0.048172,
		0.094276, 0.000912, -0.048172,
		0.095030, 0.000642, -0.047893,
		0.094280, 0.000633, -0.047893,
		0.095034, 0.000291, -0.047714,
		0.094284, 0.000282, -0.047714,
		0.095039, -0.000098, -0.047653,
		0.094289, -0.000107, -0.047653
	],
	"morphTargets":[],
	"normals":[
		0.010955, -0.890939, 0.453990,
		0.010955, -0.890939, 0.453990,
		0.008694, -0.707053, 0.707107,
		0.012144, -0.987614, -0.156435,
		0.012144, -0.987614, -0.156435,
		0.012144, -0.987614, 0.156435,
		0.012144, -0.987614, 0.156435,
		0.005582, -0.453956, 0.891007,
		0.005582, -0.453956, 0.891007,
		0.008694, -0.707053, 0.707107,
		0.010955, -0.890939, -0.453991,
		0.010955, -0.890939, -0.453991,
		0.008694, -0.707053, -0.707107,
		0.008694, -0.707053, -0.707107,
		0.005582, -0.453956, -0.891007,
		0.005582, -0.453956, -0.891007,
		0.001923, -0.156423, -0.987688,
		0.001923, -0.156423, -0.987688,
		-0.001923, 0.156423, -0.987688,
		-0.001923, 0.156423, -0.987688,
		-0.005582, 0.453956, -0.891007,
		-0.005582, 0.453956, -0.891007,
		-0.008694, 0.707053, -0.707107,
		-0.008694, 0.707053, -0.707107,
		-0.010955, 0.890939, -0.453991,
		-0.010955, 0.890939, -0.453991,
		-0.012144, 0.987614, -0.156435,
		-0.012144, 0.987614, -0.156435,
		-0.012144, 0.987614, 0.156435,
		-0.012144, 0.987614, 0.156435,
		-0.010955, 0.890939, 0.453990,
		-0.010955, 0.890939, 0.453990,
		-0.008694, 0.707053, 0.707107,
		-0.008694, 0.707053, 0.707107,
		-0.005582, 0.453956, 0.891007,
		-0.005582, 0.453956, 0.891007,
		-0.001923, 0.156422, 0.987688,
		-0.001923, 0.156422, 0.987688,
		0.001923, -0.156422, 0.987688,
		0.001923, -0.156422, 0.987688
	],
	"colors":[
		2015006
	],
	"uvs":[[]],
	"faces":[
		160, 0, 1, 2, 0, 0, 0, 0, 0, 0,
		160, 2, 1, 3, 1, 1, 1, 0, 0, 0,
		160, 2, 3, 4, 2, 2, 2, 0, 0, 0,
		160, 5, 6, 7, 3, 3, 3, 0, 0, 0,
		160, 5, 7, 8, 4, 4, 4, 0, 0, 0,
		160, 5, 8, 0, 5, 5, 5, 0, 0, 0,
		160, 8, 1, 0, 6, 6, 6, 0, 0, 0,
		160, 9, 10, 11, 7, 7, 7, 0, 0, 0,
		160, 9, 11, 4, 8, 8, 8, 0, 0, 0,
		160, 9, 4, 3, 9, 9, 9, 0, 0, 0,
		160, 7, 6, 12, 10, 10, 10, 0, 0, 0,
		160, 6, 13, 12, 11, 11, 11, 0, 0, 0,
		160, 12, 13, 14, 12, 12, 12, 0, 0, 0,
		160, 13, 15, 14, 13, 13, 13, 0, 0, 0,
		160, 14, 15, 16, 14, 14, 14, 0, 0, 0,
		160, 15, 17, 16, 15, 15, 15, 0, 0, 0,
		160, 16, 17, 18, 16, 16, 16, 0, 0, 0,
		160, 17, 19, 18, 17, 17, 17, 0, 0, 0,
		160, 18, 19, 20, 18, 18, 18, 0, 0, 0,
		160, 19, 21, 20, 19, 19, 19, 0, 0, 0,
		160, 20, 21, 22, 20, 20, 20, 0, 0, 0,
		160, 21, 23, 22, 21, 21, 21, 0, 0, 0,
		160, 22, 23, 24, 22, 22, 22, 0, 0, 0,
		160, 23, 25, 24, 23, 23, 23, 0, 0, 0,
		160, 24, 25, 26, 24, 24, 24, 0, 0, 0,
		160, 25, 27, 26, 25, 25, 25, 0, 0, 0,
		160, 26, 27, 28, 26, 26, 26, 0, 0, 0,
		160, 27, 29, 28, 27, 27, 27, 0, 0, 0,
		160, 28, 29, 30, 28, 28, 28, 0, 0, 0,
		160, 29, 31, 30, 29, 29, 29, 0, 0, 0,
		160, 30, 31, 32, 30, 30, 30, 0, 0, 0,
		160, 31, 33, 32, 31, 31, 31, 0, 0, 0,
		160, 32, 33, 34, 32, 32, 32, 0, 0, 0,
		160, 33, 35, 34, 33, 33, 33, 0, 0, 0,
		160, 34, 35, 36, 34, 34, 34, 0, 0, 0,
		160, 35, 37, 36, 35, 35, 35, 0, 0, 0,
		160, 36, 37, 38, 36, 36, 36, 0, 0, 0,
		160, 37, 39, 38, 37, 37, 37, 0, 0, 0,
		160, 38, 39, 10, 38, 38, 38, 0, 0, 0,
		160, 10, 39, 11, 39, 39, 39, 0, 0, 0
	]
}
