{
	"metadata":{
		"formatVersion": 3,
		"fileName"     : "158.json",
		"generatedBy"  : "RaidaJSONExporter",
		"vertices"     : 50,
		"faces"        : 50,
		"normals"      : 36,
		"colors"       : 1
	},
	"materials":[],
	"vertices":[
		0.015576, 0.065970, -0.027000,
		0.015576, 0.065970, -0.012000,
		0.016328, 0.065982, -0.027000,
		0.016328, 0.065982, -0.012000,
		0.017059, 0.065807, -0.027000,
		0.014851, 0.065771, -0.027000,
		0.014198, 0.065398, -0.027000,
		0.014198, 0.065398, -0.012000,
		0.014851, 0.065771, -0.012000,
		0.017059, 0.065807, -0.012000,
		0.017724, 0.065455, -0.012000,
		0.017724, 0.065455, -0.027000,
		0.018280, 0.064949, -0.012000,
		0.018280, 0.064949, -0.027000,
		0.018694, 0.064321, -0.012000,
		0.018694, 0.064321, -0.027000,
		0.018937, 0.063610, -0.012000,
		0.018937, 0.063610, -0.027000,
		0.018997, 0.062860, -0.012000,
		0.018997, 0.062860, -0.027000,
		0.018868, 0.062119, -0.012000,
		0.018868, 0.062119, -0.027000,
		0.013658, 0.064875, -0.012000,
		0.013658, 0.064875, -0.027000,
		0.013265, 0.064233, -0.012000,
		0.013265, 0.064233, -0.027000,
		0.013044, 0.063515, -0.012000,
		0.013044, 0.063515, -0.027000,
		0.013009, 0.062763, -0.012000,
		0.013009, 0.062763, -0.027000,
		0.013162, 0.062027, -0.012000,
		0.013162, 0.062027, -0.027000,
		0.013493, 0.061352, -0.012000,
		0.013493, 0.061352, -0.027000,
		0.013982, 0.060780, -0.012000,
		0.013982, 0.060780, -0.027000,
		0.014597, 0.060348, -0.012000,
		0.014597, 0.060348, -0.027000,
		0.015301, 0.060083, -0.012000,
		0.015301, 0.060083, -0.027000,
		0.016048, 0.060000, -0.012000,
		0.016048, 0.060000, -0.027000,
		0.016793, 0.060107, -0.012000,
		0.016793, 0.060107, -0.027000,
		0.017487, 0.060395, -0.012000,
		0.017487, 0.060395, -0.027000,
		0.018089, 0.060846, -0.012000,
		0.018089, 0.060846, -0.027000,
		0.018559, 0.061434, -0.012000,
		0.018559, 0.061434, -0.027000
	],
	"morphTargets":[],
	"normals":[
		-0.016103, 0.999870, 0.000000,
		0.233061, 0.972462, -0.000000,
		-0.495802, 0.868435, 0.000000,
		-0.264255, 0.964453, 0.000000,
		0.467580, 0.883951, 0.000000,
		0.233061, 0.972462, 0.000000,
		0.672720, 0.739897, 0.000000,
		0.835590, 0.549353, 0.000000,
		0.945957, 0.324292, 0.000000,
		0.996886, 0.078854, 0.000000,
		0.996886, 0.078854, 0.000000,
		0.985177, -0.171539, 0.000000,
		0.985177, -0.171539, -0.000000,
		-0.696197, 0.717851, 0.000000,
		-0.852847, 0.522161, 0.000000,
		-0.955909, 0.293662, 0.000000,
		-0.998908, 0.046711, 0.000000,
		-0.979142, -0.203175, -0.000000,
		-0.979142, -0.203175, 0.000000,
		-0.897853, -0.440294, -0.000000,
		-0.897853, -0.440294, 0.000000,
		-0.760149, -0.649749, -0.000000,
		-0.760149, -0.649749, 0.000000,
		-0.574681, -0.818377, -0.000000,
		-0.574681, -0.818377, 0.000000,
		-0.353105, -0.935584, -0.000000,
		-0.353105, -0.935584, 0.000000,
		-0.109341, -0.994004, -0.000000,
		-0.109341, -0.994004, 0.000000,
		0.141293, -0.989968, 0.000000,
		0.383049, -0.923728, 0.000000,
		0.383049, -0.923728, 0.000000,
		0.600737, -0.799447, 0.000000,
		0.600737, -0.799447, 0.000000,
		0.780678, -0.624934, 0.000000,
		0.911566, -0.411154, 0.000000
	],
	"colors":[
		6680691
	],
	"uvs":[[]],
	"faces":[
		160, 0, 1, 2, 0, 0, 0, 0, 0, 0,
		160, 2, 1, 3, 0, 0, 0, 0, 0, 0,
		160, 2, 3, 4, 1, 1, 1, 0, 0, 0,
		160, 5, 6, 7, 2, 2, 2, 0, 0, 0,
		160, 5, 7, 8, 2, 2, 2, 0, 0, 0,
		160, 5, 8, 0, 3, 3, 3, 0, 0, 0,
		160, 8, 1, 0, 3, 3, 3, 0, 0, 0,
		160, 9, 10, 11, 4, 4, 4, 0, 0, 0,
		160, 9, 11, 4, 4, 4, 4, 0, 0, 0,
		160, 9, 4, 3, 5, 5, 5, 0, 0, 0,
		160, 10, 12, 13, 6, 6, 6, 0, 0, 0,
		160, 10, 13, 11, 6, 6, 6, 0, 0, 0,
		160, 12, 14, 15, 7, 7, 7, 0, 0, 0,
		160, 12, 15, 13, 7, 7, 7, 0, 0, 0,
		160, 14, 16, 17, 8, 8, 8, 0, 0, 0,
		160, 14, 17, 15, 8, 8, 8, 0, 0, 0,
		160, 16, 18, 19, 9, 9, 9, 0, 0, 0,
		160, 16, 19, 17, 10, 10, 10, 0, 0, 0,
		160, 18, 20, 21, 11, 11, 11, 0, 0, 0,
		160, 18, 21, 19, 12, 12, 12, 0, 0, 0,
		160, 7, 6, 22, 13, 13, 13, 0, 0, 0,
		160, 6, 23, 22, 13, 13, 13, 0, 0, 0,
		160, 22, 23, 24, 14, 14, 14, 0, 0, 0,
		160, 23, 25, 24, 14, 14, 14, 0, 0, 0,
		160, 24, 25, 26, 15, 15, 15, 0, 0, 0,
		160, 25, 27, 26, 15, 15, 15, 0, 0, 0,
		160, 26, 27, 28, 16, 16, 16, 0, 0, 0,
		160, 27, 29, 28, 16, 16, 16, 0, 0, 0,
		160, 28, 29, 30, 17, 17, 17, 0, 0, 0,
		160, 29, 31, 30, 18, 18, 18, 0, 0, 0,
		160, 30, 31, 32, 19, 19, 19, 0, 0, 0,
		160, 31, 33, 32, 20, 20, 20, 0, 0, 0,
		160, 32, 33, 34, 21, 21, 21, 0, 0, 0,
		160, 33, 35, 34, 22, 22, 22, 0, 0, 0,
		160, 34, 35, 36, 23, 23, 23, 0, 0, 0,
		160, 35, 37, 36, 24, 24, 24, 0, 0, 0,
		160, 36, 37, 38, 25, 25, 25, 0, 0, 0,
		160, 37, 39, 38, 26, 26, 26, 0, 0, 0,
		160, 38, 39, 40, 27, 27, 27, 0, 0, 0,
		160, 39, 41, 40, 28, 28, 28, 0, 0, 0,
		160, 40, 41, 42, 29, 29, 29, 0, 0, 0,
		160, 41, 43, 42, 29, 29, 29, 0, 0, 0,
		160, 42, 43, 44, 30, 30, 30, 0, 0, 0,
		160, 43, 45, 44, 31, 31, 31, 0, 0, 0,
		160, 44, 45, 46, 32, 32, 32, 0, 0, 0,
		160, 45, 47, 46, 33, 33, 33, 0, 0, 0,
		160, 46, 47, 48, 34, 34, 34, 0, 0, 0,
		160, 47, 49, 48, 34, 34, 34, 0, 0, 0,
		160, 48, 49, 20, 35, 35, 35, 0, 0, 0,
		160, 20, 49, 21, 35, 35, 35, 0, 0, 0
	]
}
