{
	"metadata":{
		"formatVersion": 3,
		"fileName"     : "167.json",
		"generatedBy"  : "RaidaJSONExporter",
		"vertices"     : 120,
		"faces"        : 120,
		"normals"      : 96,
		"colors"       : 1
	},
	"materials":[],
	"vertices":[
		-0.038673, 0.026824, -0.015598,
		-0.038735, 0.026823, -0.015987,
		-0.038720, 0.026073, -0.015987,
		-0.038659, 0.026074, -0.016377,
		-0.038659, 0.026074, -0.015598,
		-0.038480, 0.026077, -0.015247,
		-0.038495, 0.026827, -0.015247,
		-0.038216, 0.026833, -0.014968,
		-0.038673, 0.026824, -0.016377,
		-0.038495, 0.026827, -0.016728,
		-0.038480, 0.026077, -0.016728,
		-0.038216, 0.026833, -0.017007,
		-0.038201, 0.026083, -0.017007,
		-0.038201, 0.026083, -0.014968,
		-0.037865, 0.026840, -0.014789,
		-0.037850, 0.026090, -0.014789,
		-0.037475, 0.026847, -0.014727,
		-0.037461, 0.026097, -0.014727,
		-0.037086, 0.026855, -0.014789,
		-0.037071, 0.026105, -0.014789,
		-0.036735, 0.026862, -0.014968,
		-0.036720, 0.026112, -0.014968,
		-0.036456, 0.026867, -0.015247,
		-0.036442, 0.026117, -0.015247,
		-0.036277, 0.026871, -0.015598,
		-0.036263, 0.026121, -0.015598,
		-0.036216, 0.026872, -0.015987,
		-0.036201, 0.026122, -0.015987,
		-0.036277, 0.026871, -0.016377,
		-0.036263, 0.026121, -0.016377,
		-0.036456, 0.026867, -0.016728,
		-0.036442, 0.026117, -0.016728,
		-0.036735, 0.026862, -0.017007,
		-0.036720, 0.026112, -0.017007,
		-0.037086, 0.026855, -0.017186,
		-0.037071, 0.026105, -0.017186,
		-0.037475, 0.026847, -0.017247,
		-0.037461, 0.026097, -0.017247,
		-0.037865, 0.026840, -0.017186,
		-0.037850, 0.026090, -0.017186,
		-0.038644, 0.025324, -0.015598,
		-0.038630, 0.024574, -0.015598,
		-0.038465, 0.025328, -0.015247,
		-0.038451, 0.024578, -0.015247,
		-0.038187, 0.025333, -0.014968,
		-0.038706, 0.025323, -0.015987,
		-0.038644, 0.025324, -0.016377,
		-0.038630, 0.024574, -0.016377,
		-0.038691, 0.024573, -0.015987,
		-0.038172, 0.024583, -0.014968,
		-0.037821, 0.024590, -0.014789,
		-0.037835, 0.025340, -0.014789,
		-0.038451, 0.024578, -0.016728,
		-0.038465, 0.025328, -0.016728,
		-0.038172, 0.024583, -0.017007,
		-0.038187, 0.025333, -0.017007,
		-0.037821, 0.024590, -0.017186,
		-0.037835, 0.025340, -0.017186,
		-0.037431, 0.024598, -0.017247,
		-0.037446, 0.025347, -0.017247,
		-0.037042, 0.024605, -0.017186,
		-0.037057, 0.025355, -0.017186,
		-0.036691, 0.024612, -0.017007,
		-0.036706, 0.025362, -0.017007,
		-0.036412, 0.024618, -0.016728,
		-0.036427, 0.025367, -0.016728,
		-0.036233, 0.024621, -0.016377,
		-0.036248, 0.025371, -0.016377,
		-0.036172, 0.024622, -0.015987,
		-0.036186, 0.025372, -0.015987,
		-0.036233, 0.024621, -0.015598,
		-0.036248, 0.025371, -0.015598,
		-0.036412, 0.024618, -0.015247,
		-0.036427, 0.025367, -0.015247,
		-0.036691, 0.024612, -0.014968,
		-0.036706, 0.025362, -0.014968,
		-0.037042, 0.024605, -0.014789,
		-0.037057, 0.025355, -0.014789,
		-0.037431, 0.024598, -0.014727,
		-0.037446, 0.025347, -0.014727,
		-0.038556, 0.020825, -0.015598,
		-0.038542, 0.020075, -0.015598,
		-0.038377, 0.020828, -0.015247,
		-0.038363, 0.020079, -0.015247,
		-0.038099, 0.020834, -0.014968,
		-0.038618, 0.020824, -0.015987,
		-0.038556, 0.020825, -0.016377,
		-0.038542, 0.020075, -0.016377,
		-0.038603, 0.020074, -0.015987,
		-0.038084, 0.020084, -0.014968,
		-0.037733, 0.020091, -0.014789,
		-0.037748, 0.020841, -0.014789,
		-0.038363, 0.020079, -0.016728,
		-0.038377, 0.020828, -0.016728,
		-0.038084, 0.020084, -0.017007,
		-0.038099, 0.020834, -0.017007,
		-0.037733, 0.020091, -0.017186,
		-0.037748, 0.020841, -0.017186,
		-0.037344, 0.020098, -0.017247,
		-0.037358, 0.020848, -0.017247,
		-0.036954, 0.020106, -0.017186,
		-0.036969, 0.020856, -0.017186,
		-0.036603, 0.020113, -0.017007,
		-0.036618, 0.020863, -0.017007,
		-0.036324, 0.020118, -0.016728,
		-0.036339, 0.020868, -0.016728,
		-0.036146, 0.020122, -0.016377,
		-0.036160, 0.020872, -0.016377,
		-0.036084, 0.020123, -0.015987,
		-0.036099, 0.020873, -0.015987,
		-0.036146, 0.020122, -0.015598,
		-0.036160, 0.020872, -0.015598,
		-0.036324, 0.020118, -0.015247,
		-0.036339, 0.020868, -0.015247,
		-0.036603, 0.020113, -0.014968,
		-0.036618, 0.020863, -0.014968,
		-0.036954, 0.020106, -0.014789,
		-0.036969, 0.020856, -0.014789,
		-0.037344, 0.020098, -0.014727,
		-0.037358, 0.020848, -0.014727
	],
	"morphTargets":[],
	"normals":[
		-0.987500, -0.019276, 0.156435,
		-0.987500, -0.019276, -0.156435,
		-0.890837, -0.017389, 0.453990,
		-0.890837, -0.017389, 0.453990,
		-0.706972, -0.013800, 0.707107,
		-0.890837, -0.017389, -0.453991,
		-0.890837, -0.017389, -0.453991,
		-0.706972, -0.013800, -0.707107,
		-0.706972, -0.013800, -0.707107,
		-0.706972, -0.013800, 0.707107,
		-0.453904, -0.008860, 0.891007,
		-0.453904, -0.008860, 0.891007,
		-0.156404, -0.003053, 0.987688,
		-0.156404, -0.003053, 0.987688,
		0.156404, 0.003053, 0.987688,
		0.156404, 0.003053, 0.987688,
		0.453904, 0.008860, 0.891007,
		0.453904, 0.008860, 0.891007,
		0.706972, 0.013800, 0.707107,
		0.706972, 0.013800, 0.707107,
		0.890837, 0.017389, 0.453990,
		0.890837, 0.017389, 0.453990,
		0.987500, 0.019276, 0.156435,
		0.987500, 0.019276, 0.156435,
		0.987500, 0.019276, -0.156435,
		0.987500, 0.019276, -0.156435,
		0.890837, 0.017389, -0.453991,
		0.890837, 0.017389, -0.453991,
		0.706972, 0.013800, -0.707107,
		0.706972, 0.013800, -0.707107,
		0.453904, 0.008860, -0.891007,
		0.453904, 0.008860, -0.891007,
		0.156405, 0.003053, -0.987688,
		0.156405, 0.003053, -0.987688,
		-0.156405, -0.003053, -0.987688,
		-0.156405, -0.003053, -0.987688,
		-0.453904, -0.008860, -0.891007,
		-0.453904, -0.008860, -0.891007,
		-0.706972, -0.013800, 0.707107,
		-0.987500, -0.019276, -0.156435,
		-0.987500, -0.019276, -0.156435,
		-0.987500, -0.019276, 0.156435,
		-0.987500, -0.019276, 0.156435,
		-0.453904, -0.008860, 0.891007,
		-0.706972, -0.013800, -0.707107,
		-0.706972, -0.013800, -0.707107,
		-0.453904, -0.008860, -0.891007,
		-0.453904, -0.008860, -0.891007,
		-0.156405, -0.003053, -0.987688,
		-0.156405, -0.003053, -0.987688,
		0.156405, 0.003053, -0.987688,
		0.453904, 0.008860, -0.891007,
		0.706972, 0.013800, 0.707107,
		0.453904, 0.008860, 0.891007,
		0.453904, 0.008860, 0.891007,
		0.156404, 0.003053, 0.987688,
		0.156404, 0.003053, 0.987688,
		-0.156404, -0.003053, 0.987688,
		-0.890837, -0.017389, 0.453990,
		-0.890837, -0.017389, 0.453990,
		-0.706972, -0.013800, 0.707107,
		-0.987500, -0.019276, -0.156435,
		-0.987500, -0.019276, -0.156435,
		-0.987500, -0.019276, 0.156435,
		-0.987500, -0.019276, 0.156435,
		-0.453904, -0.008860, 0.891007,
		-0.453904, -0.008860, 0.891007,
		-0.890837, -0.017389, -0.453991,
		-0.890837, -0.017389, -0.453991,
		-0.706972, -0.013800, -0.707107,
		-0.706972, -0.013800, -0.707107,
		-0.453904, -0.008860, -0.891007,
		-0.453904, -0.008860, -0.891007,
		-0.156405, -0.003053, -0.987688,
		-0.156405, -0.003053, -0.987688,
		0.156405, 0.003053, -0.987688,
		0.156405, 0.003053, -0.987688,
		0.453904, 0.008860, -0.891007,
		0.453904, 0.008860, -0.891007,
		0.706972, 0.013800, -0.707107,
		0.706972, 0.013800, -0.707107,
		0.890837, 0.017389, -0.453991,
		0.890837, 0.017389, -0.453991,
		0.987500, 0.019276, -0.156435,
		0.987500, 0.019276, -0.156435,
		0.987500, 0.019276, 0.156435,
		0.987500, 0.019276, 0.156435,
		0.890837, 0.017389, 0.453990,
		0.890837, 0.017389, 0.453990,
		0.706972, 0.013800, 0.707107,
		0.706972, 0.013800, 0.707107,
		0.453904, 0.008860, 0.891007,
		0.453904, 0.008860, 0.891007,
		0.156404, 0.003053, 0.987688,
		0.156404, 0.003053, 0.987688,
		-0.156404, -0.003053, 0.987688
	],
	"colors":[
		15007744
	],
	"uvs":[[]],