{
	"metadata":{
		"formatVersion": 3,
		"fileName"     : "172.json",
		"generatedBy"  : "RaidaJSONExporter",
		"vertices"     : 37,
		"faces"        : 70,
		"normals"      : 53,
		"colors"       : 1
	},
	"materials":[],
	"vertices":[
		-0.074257, 0.027959, -0.031500,
		-0.065719, 0.018293, -0.031500,
		-0.074257, 0.028627, -0.031500,
		-0.074257, 0.028627, -0.021975,
		-0.074257, 0.027959, -0.021975,
		-0.074547, 0.027358, -0.031500,
		-0.074547, 0.027358, -0.021975,
		-0.075069, 0.026941, -0.031500,
		-0.076370, 0.026941, -0.021975,
		-0.075069, 0.026941, -0.021975,
		-0.075719, 0.026793, -0.021975,
		-0.075719, 0.026793, -0.031500,
		-0.076370, 0.026941, -0.031500,
		-0.085719, 0.018293, -0.031500,
		-0.076892, 0.027358, -0.031500,
		-0.076892, 0.027358, -0.021975,
		-0.077182, 0.027959, -0.031500,
		-0.077182, 0.027959, -0.021975,
		-0.077219, 0.028293, -0.021975,
		-0.077182, 0.028627, -0.021975,
		-0.077182, 0.028627, -0.031500,
		-0.085719, 0.038293, -0.031500,
		-0.076892, 0.029228, -0.031500,
		-0.074547, 0.029228, -0.021975,
		-0.076892, 0.029228, -0.021975,
		-0.076370, 0.029644, -0.031500,
		-0.076370, 0.029644, -0.021975,
		-0.075719, 0.029793, -0.031500,
		-0.075069, 0.029644, -0.021975,
		-0.075719, 0.029793, -0.021975,
		-0.075069, 0.029644, -0.031500,
		-0.074547, 0.029228, -0.031500,
		-0.065719, 0.038293, -0.031500,
		-0.065719, 0.038293, -0.049500,
		-0.085719, 0.038293, -0.049500,
		-0.065719, 0.018293, -0.049500,
		-0.085719, 0.018293, -0.049500
	],
	"morphTargets":[],
	"normals":[
		-0.000000, 0.000000, 1.000000,
		1.000000, 0.000000, 0.000000,
		0.900970, -0.433882, 0.000000,
		-0.000000, 0.000000, 1.000000,
		0.000000, -0.000000, 1.000000,
		0.900970, -0.433882, 0.000000,
		0.623488, -0.781833, 0.000000,
		-0.000000, 0.000000, 1.000000,
		0.000000, 0.000000, 1.000000,
		0.623488, -0.781833, 0.000000,
		0.222523, -0.974928, 0.000000,
		0.222523, -0.974928, 0.000000,
		-0.222522, -0.974928, 0.000000,
		-0.222522, -0.974928, 0.000000,
		0.000000, 0.000000, 1.000000,
		-0.000000, 0.000000, 1.000000,
		0.000000, 0.000000, 1.000000,
		-0.623489, -0.781832, 0.000000,
		0.000000, 0.000000, 1.000000,
		0.000000, -0.000000, 1.000000,
		-0.623489, -0.781832, 0.000000,
		-0.900969, -0.433884, 0.000000,
		0.000000, 0.000000, 1.000000,
		-0.900969, -0.433884, 0.000000,
		-0.993712, -0.111966, 0.000000,
		-0.993712, 0.111966, -0.000000,
		-0.999992, 0.000000, -0.003948,
		-0.000000, 0.000000, 1.000000,
		0.000000, 0.000000, 1.000000,
		-0.900969, 0.433884, -0.000000,
		-0.000000, 0.000000, 1.000000,
		0.900970, 0.433882, -0.000000,
		-0.900969, 0.433884, -0.000000,
		-0.623491, 0.781830, -0.000000,
		-0.000000, 0.000000, 1.000000,
		-0.222519, 0.974928, -0.000000,
		-0.000000, 0.000000, 1.000000,
		0.000000, 0.000000, 1.000000,
		-0.222519, 0.974928, -0.000000,
		0.222520, 0.974928, -0.000000,
		0.222520, 0.974928, -0.000000,
		0.623490, 0.781832, -0.000000,
		0.623490, 0.781832, -0.000000,
		0.000000, 0.000000, 1.000000,
		0.000000, 0.000000, 1.000000,
		0.000000, 0.000000, 1.000000,
		0.000000, 0.000000, 1.000000,
		0.000000, 0.000000, 1.000000,
		0.000000, 1.000000, -0.000000,
		-0.000000, -0.000000, -1.000000,
		-0.000000, -1.000000, 0.000000,
		-0.000000, -0.000000, -1.000000,
		-1.000000, 0.000000, 0.000000
	],
	"colors":[
		12632256
	],
	"uvs":[[]],
	"faces":[
		160, 0, 1, 2, 0, 0, 0, 0, 0, 0,
		160, 0, 2, 3, 1, 1, 1, 0, 0, 0,
		160, 0, 3, 4, 1, 1, 1, 0, 0, 0,
		160, 0, 4, 5, 2, 2, 2, 0, 0, 0,
		160, 0, 5, 1, 3, 3, 3, 0, 0, 0,
		160, 4, 3, 6, 4, 4, 4, 0, 0, 0,
		160, 4, 6, 5, 5, 5, 5, 0, 0, 0,
		160, 5, 6, 7, 6, 6, 6, 0, 0, 0,
		160, 5, 7, 1, 7, 7, 7, 0, 0, 0,
		160, 6, 3, 8, 4, 4, 4, 0, 0, 0,
		160, 6, 8, 9, 8, 8, 8, 0, 0, 0,
		160, 6, 9, 7, 9, 9, 9, 0, 0, 0,
		160, 9, 8, 10, 8, 8, 8, 0, 0, 0,
		160, 9, 10, 11, 10, 10, 10, 0, 0, 0,
		160, 9, 11, 7, 11, 11, 11, 0, 0, 0,
		160, 10, 8, 12, 12, 12, 12, 0, 0, 0,
		160, 10, 12, 11, 13, 13, 13, 0, 0, 0,
		160, 11, 12, 13, 14, 14, 14, 0, 0, 0,
		160, 11, 13, 7, 15, 15, 15, 0, 0, 0,
		160, 7, 13, 1, 16, 16, 16, 0, 0, 0,
		160, 12, 8, 14, 17, 17, 17, 0, 0, 0,
		160, 12, 14, 13, 18, 18, 18, 0, 0, 0,
		160, 8, 3, 15, 19, 19, 19, 0, 0, 0,
		160, 8, 15, 14, 20, 20, 20, 0, 0, 0,
		160, 14, 15, 16, 21, 21, 21, 0, 0, 0,
		160, 14, 16, 13, 22, 22, 22, 0, 0, 0,
		160, 15, 3, 17, 4, 4, 4, 0, 0, 0,
		160, 15, 17, 16, 23, 23, 23, 0, 0, 0,
		160, 17, 3, 18, 4, 4, 4, 0, 0, 0,
		160, 17, 18, 16, 24, 24, 24, 0, 0, 0,
		160, 18, 3, 19, 8, 8, 8, 0, 0, 0,
		160, 18, 19, 20, 25, 25, 25, 0, 0, 0,
		160, 18, 20, 16, 26, 26, 26, 0, 0, 0,
		160, 16, 20, 21, 27, 27, 27, 0, 0, 0,
		160, 16, 21, 13, 28, 28, 28, 0, 0, 0,
		160, 20, 19, 22, 29, 29, 29, 0, 0, 0,
		160, 20, 22, 21, 30, 30, 30, 0, 0, 0,
		160, 3, 2, 23, 31, 31, 31, 0, 0, 0,
		160, 3, 23, 19, 8, 8, 8, 0, 0, 0,
		160, 19, 23, 24, 8, 8, 8, 0, 0, 0,
		160, 19, 24, 22, 32, 32, 32, 0, 0, 0,
		160, 22, 24, 25, 33, 33, 33, 0, 0, 0,
		160, 22, 25, 21, 34, 34, 34, 0, 0, 0,
		160, 25, 24, 26, 33, 33, 33, 0, 0, 0,
		160, 25, 26, 27, 35, 35, 35, 0, 0, 0,
		160, 25, 27, 21, 36, 36, 36, 0, 0, 0,
		160, 24, 23, 28, 8, 8, 8, 0, 0, 0,
		160, 24, 28, 26, 37, 37, 37, 0, 0, 0,
		160, 26, 28, 29, 8, 8, 8, 0, 0, 0,
		160, 26, 29, 27, 38, 38, 38, 0, 0, 0,
		160, 29, 28, 30, 39, 39, 39, 0, 0, 0,
		160, 29, 30, 27, 40, 40, 40, 0, 0, 0,
		160, 28, 23, 31, 41, 41, 41, 0, 0, 0,
		160, 28, 31, 30, 42, 42, 42, 0, 0, 0,
		160, 23, 2, 31, 31, 31, 31, 0, 0, 0,
		160, 31, 2, 32, 43, 43, 43, 0, 0, 0,
		160, 31, 32, 30, 44, 44, 44, 0, 0, 0,
		160, 30, 32, 27, 45, 45, 45, 0, 0, 0,
		160, 27, 32, 21, 46, 46, 46, 0, 0, 0,
		160, 2, 1, 32, 47, 47, 47, 0, 0, 0,
		160, 32, 1, 33, 1, 1, 1, 0, 0, 0,
		160, 32, 33, 34, 48, 48, 48, 0, 0, 0,
		160, 32, 34, 21, 48, 48, 48, 0, 0, 0,
		160, 33, 1, 35, 1, 1, 1, 0, 0, 0,
		160, 33, 35, 34, 49, 49, 49, 0, 0, 0,
		160, 1, 13, 35, 50, 50, 50, 0, 0, 0,
		160, 35, 13, 36, 50, 50, 50, 0, 0, 0,
		160, 35, 36, 34, 51, 51, 51, 0, 0, 0,
		160, 34, 36, 21, 52, 52, 52, 0, 0, 0,
		160, 36, 13, 21, 52, 52, 52, 0, 0, 0
	]
}
