{
	"metadata":{
		"formatVersion": 3,
		"fileName"     : "173.json",
		"generatedBy"  : "RaidaJSONExporter",
		"vertices"     : 134,
		"faces"        : 134,
		"normals"      : 93,
		"colors"       : 1
	},
	"materials":[],
	"vertices":[
		0.002279, 0.092225, 0.021750,
		0.010620, 0.091287, 0.021750,
		0.010620, 0.091287, 0.020500,
		0.018737, 0.089144, 0.020500,
		0.002279, 0.092225, 0.020500,
		-0.006111, 0.091939, 0.020500,
		-0.006111, 0.091939, 0.021750,
		-0.014369, 0.090434, 0.021750,
		0.018737, 0.089144, 0.021750,
		0.026455, 0.085843, 0.021750,
		0.026455, 0.085843, 0.020500,
		0.033610, 0.081453, 0.021750,
		0.033610, 0.081453, 0.020500,
		0.040049, 0.076067, 0.021750,
		0.040049, 0.076067, 0.020500,
		0.045636, 0.069802, 0.021750,
		0.045636, 0.069802, 0.020500,
		0.050251, 0.062790, 0.021750,
		0.050251, 0.062790, 0.020500,
		0.053796, 0.055181, 0.021750,
		0.053796, 0.055181, 0.020500,
		0.056195, 0.047136, 0.021750,
		0.056195, 0.047136, 0.020500,
		0.057397, 0.038828, 0.021750,
		0.057397, 0.038828, 0.020500,
		0.057377, 0.030434, 0.021750,
		0.057377, 0.030434, 0.020500,
		0.056135, 0.022132, 0.021750,
		0.056135, 0.022132, 0.020500,
		0.053697, 0.014099, 0.021750,
		0.053697, 0.014099, 0.020500,
		0.050116, 0.006507, 0.021750,
		0.050116, 0.006507, 0.020500,
		0.045467, -0.000483, 0.021750,
		0.045467, -0.000483, 0.020500,
		0.039851, -0.006721, 0.021750,
		0.039851, -0.006721, 0.020500,
		0.033386, -0.012076, 0.021750,
		0.033386, -0.012076, 0.020500,
		0.026210, -0.016431, 0.021750,
		0.026210, -0.016431, 0.020500,
		0.018476, -0.019696, 0.021750,
		0.018476, -0.019696, 0.020500,
		0.010349, -0.021800, 0.021750,
		0.010349, -0.021800, 0.020500,
		0.002003, -0.022698, 0.021750,
		0.002003, -0.022698, 0.020500,
		-0.006385, -0.022371, 0.021750,
		-0.006385, -0.022371, 0.020500,
		-0.014636, -0.020827, 0.021750,
		-0.014636, -0.020827, 0.020500,
		-0.022575, -0.018097, 0.021750,
		-0.022575, -0.018097, 0.020500,
		-0.030031, -0.014241, 0.021750,
		-0.030031, -0.014241, 0.020500,
		-0.036846, -0.009340, 0.021750,
		-0.036846, -0.009340, 0.020500,
		-0.042875, -0.003499, 0.021750,
		-0.042875, -0.003499, 0.020500,
		-0.014369, 0.090434, 0.020500,
		-0.022321, 0.087742, 0.021750,
		-0.022321, 0.087742, 0.020500,
		-0.029796, 0.083922, 0.021750,
		-0.029796, 0.083922, 0.020500,
		-0.036634, 0.079054, 0.021750,
		-0.036634, 0.079054, 0.020500,
		-0.042692, 0.073242, 0.021750,
		-0.042692, 0.073242, 0.020500,
		-0.047838, 0.066610, 0.021750,
		-0.047838, 0.066610, 0.020500,
		-0.051964, 0.059300, 0.021750,
		-0.051964, 0.059300, 0.020500,
		-0.054981, 0.051466, 0.021750,
		-0.054981, 0.051466, 0.020500,
		-0.056826, 0.043277, 0.021750,
		-0.056826, 0.043277, 0.020500,
		-0.057459, 0.034906, 0.021750,
		-0.057459, 0.034906, 0.020500,
		-0.056866, 0.026533, 0.021750,
		-0.056866, 0.026533, 0.020500,
		-0.055061, 0.018335, 0.021750,
		-0.055061, 0.018335, 0.020500,
		-0.052081, 0.010487, 0.021750,
		-0.052081, 0.010487, 0.020500,
		-0.047990, 0.003157, 0.021750,
		-0.047990, 0.003157, 0.020500,
		0.007603, 0.050550, 0.020600,
		0.003261, 0.051970, 0.021750,
		0.003261, 0.051970, 0.020600,
		-0.001301, 0.052217, 0.021750,
		-0.001301, 0.052217, 0.020600,
		0.011430, 0.048055, 0.020600,
		0.014481, 0.044655, 0.020600,
		0.011430, 0.048055, 0.021750,
		0.007603, 0.050550, 0.021750,
		-0.005771, 0.051275, 0.021750,
		-0.009846, 0.049209, 0.021750,
		-0.005771, 0.051275, 0.020600,
		-0.013246, 0.046158, 0.021750,
		-0.009846, 0.049209, 0.020600,
		-0.015741, 0.042331, 0.021750,
		-0.013246, 0.046158, 0.020600,
		-0.017160, 0.037989, 0.021750,
		-0.015741, 0.042331, 0.020600,
		-0.017408, 0.033427, 0.021750,
		-0.017160, 0.037989, 0.020600,
		0.014481, 0.044655, 0.021750,
		0.016547, 0.040581, 0.020600,
		0.016547, 0.040581, 0.021750,
		0.017489, 0.036111, 0.020600,
		0.017489, 0.036111, 0.021750,
		0.017242, 0.031549, 0.020600,
		0.017242, 0.031549, 0.021750,
		0.015823, 0.027207, 0.020600,
		0.015823, 0.027207, 0.021750,
		0.013328, 0.023380, 0.020600,
		0.013328, 0.023380, 0.021750,
		0.009927, 0.020329, 0.020600,
		0.009927, 0.020329, 0.021750,
		0.005853, 0.018262, 0.020600,
		0.005853, 0.018262, 0.021750,
		0.001383, 0.017320, 0.020600,
		0.001383, 0.017320, 0.021750,
		-0.003179, 0.017567, 0.020600,
		-0.003179, 0.017567, 0.021750,
		-0.007521, 0.018987, 0.020600,
		-0.007521, 0.018987, 0.021750,
		-0.011348, 0.021482, 0.020600,
		-0.011348, 0.021482, 0.021750,
		-0.014399, 0.024882, 0.020600,
		-0.014399, 0.024882, 0.021750,
		-0.016466, 0.028957, 0.020600,
		-0.016466, 0.028957, 0.021750,
		-0.017408, 0.033427, 0.020600
	],
	"morphTargets":[],
	"normals":[
		0.111753, 0.993736, 0.000000,
		0.255252, 0.966875, -0.000000,
		-0.034127, 0.999418, 0.000000,
		-0.179279, 0.983798, 0.000000,
		0.393310, 0.919406, 0.000000,
		0.255252, 0.966875, 0.000000,
		0.522985, 0.852342, 0.000000,
		0.641514, 0.767112, 0.000000,
		0.746370, 0.665532, 0.000000,
		0.835318, 0.549767, 0.000000,
		0.906463, 0.422285, 0.000000,
		0.958288, 0.285803, 0.000000,
		0.958288, 0.285803, 0.000000,
		0.989690, 0.143229, 0.000000,
		0.989690, 0.143229, 0.000000,
		0.999997, -0.002396, 0.000000,
		0.988991, -0.147972, 0.000000,
		0.956907, -0.290394, 0.000000,
		0.904428, -0.426625, 0.000000,
		0.904428, -0.426625, 0.000000,
		0.832673, -0.553765, 0.000000,
		0.743171, -0.669102, 0.000000,
		0.637829, -0.770178, 0.000000,
		0.518893, -0.854839, 0.000000,
		0.388898, -0.921281, 0.000000,
		0.250614, -0.968087, 0.000000,
		0.106988, -0.994260, 0.000000,
		-0.038917, -0.999242, 0.000000,
		-0.038917, -0.999242, -0.000000,
		-0.183993, -0.982927, 0.000000,
		-0.183993, -0.982927, -0.000000,
		-0.325148, -0.945663, 0.000000,
		-0.325148, -0.945663, -0.000000,
		-0.459373, -0.888244, 0.000000,
		-0.459373, -0.888244, -0.000000,
		-0.583807, -0.811893, 0.000000,
		-0.583807, -0.811893, -0.000000,
		-0.695798, -0.718238, 0.000000,
		-0.695798, -0.718238, -0.000000,
		-0.320611, 0.947211, 0.000000,
		-0.320611, 0.947211, 0.000000,
		-0.455109, 0.890435, 0.000000,
		-0.579908, 0.814682, 0.000000,
		-0.692347, 0.721565, 0.000000,
		-0.692347, 0.721565, 0.000000,
		-0.790029, 0.613069, 0.000000,
		-0.870874, 0.491506, 0.000000,
		-0.933157, 0.359469, 0.000000,
		-0.975552, 0.219769, 0.000000,
		-0.997154, 0.075386, 0.000000,
		-0.997504, -0.070604, -0.000000,
		-0.997504, -0.070604, 0.000000,
		-0.976594, -0.215090, -0.000000,
		-0.976594, -0.215090, 0.000000,
		-0.934870, -0.354991, -0.000000,
		-0.934870, -0.354991, 0.000000,
		-0.873220, -0.487326, -0.000000,
		-0.873220, -0.487326, 0.000000,
		-0.792959, -0.609275, -0.000000,
		-0.310717, -0.950502, 0.000000,
		-0.054121, -0.998534, 0.000000,
		-0.744340, -0.667801, 0.000000,
		-0.546138, -0.837695, 0.000000,
		-0.310717, -0.950502, -0.000000,
		0.452397, -0.891817, 0.000000,
		0.206162, -0.978518, 0.000000,
		0.667801, -0.744340, 0.000000,
		0.837695, -0.546138, 0.000000,
		0.950502, -0.310717, 0.000000,
		0.998534, -0.054121, 0.000000,
		-0.891817, -0.452397, 0.000000,
		-0.978518, -0.206162, 0.000000,
		-0.978518, -0.206162, 0.000000,
		-0.998534, 0.054121, 0.000000,
		-0.950502, 0.310717, 0.000000,
		-0.950502, 0.310717, 0.000000,
		-0.837695, 0.546138, 0.000000,
		-0.667801, 0.744340, 0.000000,
		-0.452397, 0.891817, 0.000000,
		-0.206162, 0.978518, 0.000000,
		-0.206162, 0.978518, 0.000000,
		0.054121, 0.998534, -0.000000,
		0.054121, 0.998534, 0.000000,
		0.310717, 0.950502, -0.000000,
		0.310717, 0.950502, 0.000000,
		0.546138, 0.837695, -0.000000,
		0.546138, 0.837695, 0.000000,
		0.744340, 0.667801, -0.000000,
		0.744340, 0.667801, 0.000000,
		0.891817, 0.452397, -0.000000,
		0.891817, 0.452397, 0.000000,
		0.978518, 0.206162, -0.000000,
		0.978518, 0.206162, 0.000000
	],
	"colors":[
		16777215
	],
	"uvs":[[]],