{
	"metadata":{
		"formatVersion": 3,
		"fileName"     : "174.json",
		"generatedBy"  : "RaidaJSONExporter",
		"vertices"     : 120,
		"faces"        : 120,
		"normals"      : 106,
		"colors"       : 1
	},
	"materials":[],
	"vertices":[
		0.091304, -0.001343, -0.048523,
		0.091305, -0.001404, -0.048913,
		0.092055, -0.001395, -0.048913,
		0.092054, -0.001333, -0.049302,
		0.092054, -0.001333, -0.048523,
		0.092052, -0.001154, -0.048172,
		0.091302, -0.001164, -0.048172,
		0.091298, -0.000885, -0.047893,
		0.091304, -0.001343, -0.049302,
		0.091302, -0.001164, -0.049653,
		0.092052, -0.001154, -0.049653,
		0.091298, -0.000885, -0.049932,
		0.092048, -0.000876, -0.049932,
		0.092048, -0.000876, -0.047893,
		0.091294, -0.000534, -0.047714,
		0.092044, -0.000524, -0.047714,
		0.091289, -0.000144, -0.047653,
		0.092039, -0.000135, -0.047653,
		0.091284, 0.000245, -0.047714,
		0.092034, 0.000254, -0.047714,
		0.091280, 0.000596, -0.047893,
		0.092030, 0.000605, -0.047893,
		0.091277, 0.000875, -0.048172,
		0.092027, 0.000884, -0.048172,
		0.091274, 0.001054, -0.048523,
		0.092024, 0.001063, -0.048523,
		0.091274, 0.001116, -0.048913,
		0.092024, 0.001125, -0.048913,
		0.091274, 0.001054, -0.049302,
		0.092024, 0.001063, -0.049302,
		0.091277, 0.000875, -0.049653,
		0.092027, 0.000884, -0.049653,
		0.091280, 0.000596, -0.049932,
		0.092030, 0.000605, -0.049932,
		0.091284, 0.000245, -0.050111,
		0.092034, 0.000254, -0.050111,
		0.091289, -0.000144, -0.050173,
		0.092039, -0.000135, -0.050173,
		0.091294, -0.000534, -0.050111,
		0.092044, -0.000524, -0.050111,
		0.092804, -0.001324, -0.048523,
		0.093554, -0.001315, -0.048523,
		0.092802, -0.001145, -0.048172,
		0.093551, -0.001136, -0.048172,
		0.092798, -0.000866, -0.047893,
		0.092804, -0.001386, -0.048913,
		0.092804, -0.001324, -0.049302,
		0.093554, -0.001315, -0.049302,
		0.093554, -0.001377, -0.048913,
		0.093548, -0.000857, -0.047893,
		0.093544, -0.000506, -0.047714,
		0.092794, -0.000515, -0.047714,
		0.093551, -0.001136, -0.049653,
		0.092802, -0.001145, -0.049653,
		0.093548, -0.000857, -0.049932,
		0.092798, -0.000866, -0.049932,
		0.093544, -0.000506, -0.050111,
		0.092794, -0.000515, -0.050111,
		0.093539, -0.000117, -0.050173,
		0.092789, -0.000126, -0.050173,
		0.093534, 0.000273, -0.050111,
		0.092784, 0.000263, -0.050111,
		0.093530, 0.000624, -0.049932,
		0.092780, 0.000615, -0.049932,
		0.093526, 0.000903, -0.049653,
		0.092776, 0.000893, -0.049653,
		0.093524, 0.001082, -0.049302,
		0.092774, 0.001072, -0.049302,
		0.093523, 0.001143, -0.048913,
		0.092773, 0.001134, -0.048913,
		0.093524, 0.001082, -0.048523,
		0.092774, 0.001072, -0.048523,
		0.093526, 0.000903, -0.048172,
		0.092776, 0.000893, -0.048172,
		0.093530, 0.000624, -0.047893,
		0.092780, 0.000615, -0.047893,
		0.093534, 0.000273, -0.047714,
		0.092784, 0.000263, -0.047714,
		0.093539, -0.000117, -0.047653,
		0.092789, -0.000126, -0.047653,
		0.097303, -0.001269, -0.048523,
		0.098053, -0.001260, -0.048523,
		0.097301, -0.001090, -0.048172,
		0.098051, -0.001081, -0.048172,
		0.097298, -0.000811, -0.047893,
		0.097304, -0.001330, -0.048913,
		0.097303, -0.001269, -0.049302,
		0.098053, -0.001260, -0.049302,
		0.098054, -0.001321, -0.048913,
		0.098048, -0.000802, -0.047893,
		0.098043, -0.000451, -0.047714,
		0.097293, -0.000460, -0.047714,
		0.098051, -0.001081, -0.049653,
		0.097301, -0.001090, -0.049653,
		0.098048, -0.000802, -0.049932,
		0.097298, -0.000811, -0.049932,
		0.098043, -0.000451, -0.050111,
		0.097293, -0.000460, -0.050111,
		0.098039, -0.000061, -0.050173,
		0.097289, -0.000071, -0.050173,
		0.098034, 0.000328, -0.050111,
		0.097284, 0.000319, -0.050111,
		0.098029, 0.000679, -0.049932,
		0.097280, 0.000670, -0.049932,
		0.098026, 0.000958, -0.049653,
		0.097276, 0.000949, -0.049653,
		0.098024, 0.001137, -0.049302,
		0.097274, 0.001128, -0.049302,
		0.098023, 0.001199, -0.048913,
		0.097273, 0.001189, -0.048913,
		0.098024, 0.001137, -0.048523,
		0.097274, 0.001128, -0.048523,
		0.098026, 0.000958, -0.048172,
		0.097276, 0.000949, -0.048172,
		0.098029, 0.000679, -0.047893,
		0.097280, 0.000670, -0.047893,
		0.098034, 0.000328, -0.047714,
		0.097284, 0.000319, -0.047714,
		0.098039, -0.000061, -0.047653,
		0.097289, -0.000071, -0.047653
	],
	"morphTargets":[],
	"normals":[
		0.012144, -0.987614, 0.156435,
		0.012144, -0.987614, -0.156435,
		0.012144, -0.987614, 0.156435,
		0.010955, -0.890939, 0.453990,
		0.010955, -0.890939, 0.453990,
		0.008694, -0.707053, 0.707107,
		0.010955, -0.890939, -0.453991,
		0.010955, -0.890939, -0.453991,
		0.012144, -0.987614, -0.156435,
		0.008694, -0.707053, -0.707107,
		0.008694, -0.707053, -0.707107,
		0.008694, -0.707053, 0.707107,
		0.005582, -0.453956, 0.891007,
		0.005582, -0.453956, 0.891007,
		0.001923, -0.156422, 0.987688,
		0.001923, -0.156422, 0.987688,
		-0.001923, 0.156422, 0.987688,
		-0.001923, 0.156422, 0.987688,
		-0.005582, 0.453956, 0.891007,
		-0.005582, 0.453956, 0.891007,
		-0.008694, 0.707053, 0.707107,
		-0.008694, 0.707053, 0.707107,
		-0.010955, 0.890939, 0.453990,
		-0.010955, 0.890939, 0.453990,
		-0.012144, 0.987614, 0.156435,
		-0.012144, 0.987614, 0.156435,
		-0.012144, 0.987614, -0.156435,
		-0.012144, 0.987614, -0.156435,
		-0.010955, 0.890939, -0.453991,
		-0.010955, 0.890939, -0.453991,
		-0.008694, 0.707053, -0.707107,
		-0.008694, 0.707053, -0.707107,
		-0.005582, 0.453956, -0.891007,
		-0.005582, 0.453956, -0.891007,
		-0.001923, 0.156423, -0.987688,
		-0.001923, 0.156423, -0.987688,
		0.001923, -0.156423, -0.987688,
		0.001923, -0.156423, -0.987688,
		0.005582, -0.453956, -0.891007,
		0.005582, -0.453956, -0.891007,
		0.010955, -0.890939, 0.453990,
		0.010955, -0.890939, 0.453990,
		0.008694, -0.707053, 0.707107,
		0.012144, -0.987614, -0.156435,
		0.012144, -0.987614, 0.156435,
		0.010955, -0.890939, -0.453991,
		0.010955, -0.890939, -0.453991,
		0.008694, -0.707053, -0.707107,
		0.008694, -0.707053, -0.707107,
		0.005582, -0.453956, -0.891007,
		0.001923, -0.156423, -0.987688,
		0.001923, -0.156423, -0.987688,
		-0.001923, 0.156423, -0.987688,
		-0.001923, 0.156423, -0.987688,
		-0.005582, 0.453956, -0.891007,
		-0.005582, 0.453956, -0.891007,
		-0.008694, 0.707053, -0.707107,
		-0.008694, 0.707053, -0.707107,
		-0.012144, 0.987614, -0.156435,
		-0.012144, 0.987614, -0.156435,
		-0.012144, 0.987614, 0.156435,
		-0.012144, 0.987614, 0.156435,
		-0.008694, 0.707053, 0.707107,
		-0.008694, 0.707053, 0.707107,
		-0.005582, 0.453956, 0.891007,
		-0.005582, 0.453956, 0.891007,
		-0.001923, 0.156422, 0.987688,
		-0.001923, 0.156422, 0.987688,
		0.001923, -0.156422, 0.987688,
		0.010955, -0.890939, 0.453990,
		0.008694, -0.707053, 0.707107,
		0.012144, -0.987614, -0.156435,
		0.012144, -0.987614, -0.156435,
		0.012144, -0.987614, 0.156435,
		0.012144, -0.987614, 0.156435,
		0.005582, -0.453956, 0.891007,
		0.005582, -0.453956, 0.891007,
		0.010955, -0.890939, -0.453991,
		0.010955, -0.890939, -0.453991,
		0.008694, -0.707053, -0.707107,
		0.008694, -0.707053, -0.707107,
		0.005582, -0.453956, -0.891007,
		0.005582, -0.453956, -0.891007,
		0.001923, -0.156423, -0.987688,
		0.001923, -0.156423, -0.987688,
		-0.001923, 0.156423, -0.987688,
		-0.001923, 0.156423, -0.987688,
		-0.005582, 0.453956, -0.891007,
		-0.005582, 0.453956, -0.891007,
		-0.008694, 0.707053, -0.707107,
		-0.008694, 0.707053, -0.707107,
		-0.010955, 0.890939, -0.453991,
		-0.010955, 0.890939, -0.453991,
		-0.012144, 0.987614, -0.156435,
		-0.012144, 0.987614, 0.156435,
		-0.012144, 0.987614, 0.156435,
		-0.010955, 0.890939, 0.453990,
		-0.010955, 0.890939, 0.453990,
		-0.008694, 0.707053, 0.707107,
		-0.008694, 0.707053, 0.707107,
		-0.005582, 0.453956, 0.891007,
		-0.005582, 0.453956, 0.891007,
		-0.001923, 0.156422, 0.987688,
		-0.001923, 0.156422, 0.987688,
		0.001923, -0.156422, 0.987688,
		0.001923, -0.156422, 0.987688
	],
	"colors":[
		15007744
	],
	"uvs":[[]],