{
	"metadata":{
		"formatVersion": 3,
		"fileName"     : "178.json",
		"generatedBy"  : "RaidaJSONExporter",
		"vertices"     : 150,
		"faces"        : 148,
		"normals"      : 143,
		"colors"       : 1
	},
	"materials":[],
	"vertices":[
		0.009588, -0.017143, -0.007736,
		0.009588, -0.016643, -0.007736,
		0.016588, -0.017143, -0.007736,
		0.016588, -0.016643, -0.007736,
		0.009588, -0.017143, -0.012736,
		0.009588, -0.016643, -0.012736,
		0.001887, -0.016643, 0.007790,
		0.001887, -0.017143, 0.007790,
		0.001884, -0.016643, 0.007816,
		0.001884, -0.017143, 0.007816,
		0.001878, -0.016643, 0.007842,
		0.001888, -0.016643, 0.007764,
		0.001887, -0.016643, 0.007738,
		0.001887, -0.017143, 0.007738,
		0.001888, -0.017143, 0.007764,
		0.001878, -0.017143, 0.007842,
		0.001870, -0.017143, 0.007867,
		0.001870, -0.016643, 0.007867,
		0.001860, -0.017143, 0.007891,
		0.001860, -0.016643, 0.007891,
		0.001848, -0.017143, 0.007914,
		0.001848, -0.016643, 0.007914,
		0.001834, -0.017143, 0.007936,
		0.001834, -0.016643, 0.007936,
		0.001818, -0.017143, 0.007957,
		0.001818, -0.016643, 0.007957,
		0.001800, -0.017143, 0.007976,
		0.001800, -0.016643, 0.007976,
		0.001781, -0.017143, 0.007994,
		0.001781, -0.016643, 0.007994,
		0.001760, -0.017143, 0.008010,
		0.001760, -0.016643, 0.008010,
		0.001738, -0.017143, 0.008024,
		0.001738, -0.016643, 0.008024,
		0.001715, -0.017143, 0.008036,
		0.001715, -0.016643, 0.008036,
		0.001691, -0.017143, 0.008046,
		0.001691, -0.016643, 0.008046,
		0.001666, -0.017143, 0.008054,
		0.001666, -0.016643, 0.008054,
		0.001640, -0.017143, 0.008060,
		0.001640, -0.016643, 0.008060,
		0.001614, -0.017143, 0.008063,
		0.001614, -0.016643, 0.008063,
		0.001588, -0.017143, 0.008064,
		0.001588, -0.016643, 0.008064,
		0.001562, -0.017143, 0.008063,
		0.001562, -0.016643, 0.008063,
		0.001536, -0.017143, 0.008060,
		0.001536, -0.016643, 0.008060,
		0.001511, -0.017143, 0.008054,
		0.001511, -0.016643, 0.008054,
		0.001486, -0.017143, 0.008046,
		0.001486, -0.016643, 0.008046,
		0.001462, -0.017143, 0.008036,
		0.001462, -0.016643, 0.008036,
		0.001438, -0.017143, 0.008024,
		0.001438, -0.016643, 0.008024,
		0.001416, -0.017143, 0.008010,
		0.001416, -0.016643, 0.008010,
		0.001395, -0.017143, 0.007994,
		0.001395, -0.016643, 0.007994,
		0.001376, -0.017143, 0.007976,
		0.001376, -0.016643, 0.007976,
		0.001359, -0.017143, 0.007957,
		0.001359, -0.016643, 0.007957,
		0.001343, -0.017143, 0.007936,
		0.001343, -0.016643, 0.007936,
		0.001329, -0.017143, 0.007914,
		0.001329, -0.016643, 0.007914,
		0.001316, -0.017143, 0.007891,
		0.001316, -0.016643, 0.007891,
		0.001306, -0.017143, 0.007867,
		0.001306, -0.016643, 0.007867,
		0.001299, -0.017143, 0.007842,
		0.001299, -0.016643, 0.007842,
		0.001293, -0.017143, 0.007816,
		0.001293, -0.016643, 0.007816,
		0.001289, -0.017143, 0.007790,
		0.001289, -0.016643, 0.007790,
		0.001288, -0.017143, 0.007764,
		0.001288, -0.016643, 0.007764,
		0.001289, -0.017143, 0.007738,
		0.001289, -0.016643, 0.007738,
		0.001293, -0.017143, 0.007712,
		0.001293, -0.016643, 0.007712,
		0.001299, -0.017143, 0.007687,
		0.001299, -0.016643, 0.007687,
		0.001306, -0.017143, 0.007662,
		0.001306, -0.016643, 0.007662,
		0.001316, -0.017143, 0.007638,
		0.001316, -0.016643, 0.007638,
		0.001329, -0.017143, 0.007614,
		0.001329, -0.016643, 0.007614,
		0.001343, -0.017143, 0.007592,
		0.001343, -0.016643, 0.007592,
		0.001359, -0.017143, 0.007571,
		0.001359, -0.016643, 0.007571,
		0.001376, -0.017143, 0.007552,
		0.001376, -0.016643, 0.007552,
		0.001395, -0.017143, 0.007534,
		0.001395, -0.016643, 0.007534,
		0.001416, -0.017143, 0.007519,
		0.001416, -0.016643, 0.007519,
		0.001438, -0.017143, 0.007504,
		0.001438, -0.016643, 0.007504,
		0.001462, -0.017143, 0.007492,
		0.001462, -0.016643, 0.007492,
		0.001486, -0.017143, 0.007482,
		0.001486, -0.016643, 0.007482,
		0.001511, -0.017143, 0.007475,
		0.001511, -0.016643, 0.007475,
		0.001536, -0.017143, 0.007469,
		0.001536, -0.016643, 0.007469,
		0.001562, -0.017143, 0.007465,
		0.001562, -0.016643, 0.007465,
		0.001588, -0.017143, 0.007464,
		0.001588, -0.016643, 0.007464,
		0.001614, -0.017143, 0.007465,
		0.001614, -0.016643, 0.007465,
		0.001640, -0.017143, 0.007469,
		0.001640, -0.016643, 0.007469,
		0.001884, -0.017143, 0.007712,
		0.001884, -0.016643, 0.007712,
		0.001878, -0.017143, 0.007687,
		0.001878, -0.016643, 0.007687,
		0.001870, -0.017143, 0.007662,
		0.001870, -0.016643, 0.007662,
		0.001860, -0.017143, 0.007638,
		0.001860, -0.016643, 0.007638,
		0.001848, -0.017143, 0.007614,
		0.001848, -0.016643, 0.007614,
		0.001834, -0.017143, 0.007592,
		0.001834, -0.016643, 0.007592,
		0.001818, -0.017143, 0.007571,
		0.001818, -0.016643, 0.007571,
		0.001800, -0.017143, 0.007552,
		0.001800, -0.016643, 0.007552,
		0.001781, -0.017143, 0.007534,
		0.001781, -0.016643, 0.007534,
		0.001760, -0.017143, 0.007519,
		0.001760, -0.016643, 0.007519,
		0.001738, -0.017143, 0.007504,
		0.001738, -0.016643, 0.007504,
		0.001715, -0.017143, 0.007492,
		0.001715, -0.016643, 0.007492,
		0.001691, -0.017143, 0.007482,
		0.001691, -0.016643, 0.007482,
		0.001666, -0.017143, 0.007475,
		0.001666, -0.016643, 0.007475
	],
	"morphTargets":[],