{
	"metadata":{
		"formatVersion": 3,
		"fileName"     : "180.json",
		"generatedBy"  : "RaidaJSONExporter",
		"vertices"     : 144,
		"faces"        : 144,
		"normals"      : 61,
		"colors"       : 1
	},
	"materials":[],
	"vertices":[
		0.091250, -0.032835, -0.035500,
		0.092165, -0.033750, -0.035500,
		0.091250, -0.032835, -0.020500,
		0.092165, -0.033750, -0.020500,
		0.090000, -0.032500, -0.020500,
		0.088750, -0.032835, -0.020500,
		0.090000, -0.032500, -0.035500,
		0.088750, -0.032835, -0.035500,
		0.087835, -0.033750, -0.020500,
		0.087835, -0.033750, -0.035500,
		0.087500, -0.035000, -0.020500,
		0.087500, -0.035000, -0.035500,
		0.087835, -0.036250, -0.020500,
		0.087835, -0.036250, -0.035500,
		0.088750, -0.037165, -0.020500,
		0.088750, -0.037165, -0.035500,
		0.090000, -0.037500, -0.020500,
		0.090000, -0.037500, -0.035500,
		0.091250, -0.037165, -0.020500,
		0.091250, -0.037165, -0.035500,
		0.092165, -0.036250, -0.020500,
		0.092165, -0.036250, -0.035500,
		0.092500, -0.035000, -0.020500,
		0.092500, -0.035000, -0.035500,
		0.068250, 0.052165, -0.035500,
		0.067000, 0.052500, -0.020500,
		0.067000, 0.052500, -0.035500,
		0.065750, 0.052165, -0.020500,
		0.065750, 0.052165, -0.035500,
		0.064835, 0.051250, -0.020500,
		0.064835, 0.051250, -0.035500,
		0.064500, 0.050000, -0.020500,
		0.064835, 0.048750, -0.020500,
		0.064500, 0.050000, -0.035500,
		0.064835, 0.048750, -0.035500,
		0.065750, 0.047835, -0.020500,
		0.065750, 0.047835, -0.035500,
		0.067000, 0.047500, -0.020500,
		0.067000, 0.047500, -0.035500,
		0.068250, 0.047835, -0.020500,
		0.068250, 0.047835, -0.035500,
		0.069165, 0.048750, -0.020500,
		0.069165, 0.048750, -0.035500,
		0.069500, 0.050000, -0.020500,
		0.069500, 0.050000, -0.035500,
		0.069165, 0.051250, -0.020500,
		0.069165, 0.051250, -0.035500,
		0.068250, 0.052165, -0.020500,
		-0.065750, 0.052165, -0.035500,
		-0.064835, 0.051250, -0.035500,
		-0.065750, 0.052165, -0.020500,
		-0.064835, 0.051250, -0.020500,
		-0.067000, 0.052500, -0.020500,
		-0.068250, 0.052165, -0.020500,
		-0.067000, 0.052500, -0.035500,
		-0.068250, 0.052165, -0.035500,
		-0.069165, 0.051250, -0.020500,
		-0.069165, 0.051250, -0.035500,
		-0.069500, 0.050000, -0.020500,
		-0.069500, 0.050000, -0.035500,
		-0.069165, 0.048750, -0.020500,
		-0.069165, 0.048750, -0.035500,
		-0.068250, 0.047835, -0.020500,
		-0.068250, 0.047835, -0.035500,
		-0.067000, 0.047500, -0.020500,
		-0.067000, 0.047500, -0.035500,
		-0.065750, 0.047835, -0.020500,
		-0.065750, 0.047835, -0.035500,
		-0.064835, 0.048750, -0.020500,
		-0.064835, 0.048750, -0.035500,
		-0.064500, 0.050000, -0.020500,
		-0.064500, 0.050000, -0.035500,
		-0.088750, -0.032835, -0.035500,
		-0.090000, -0.032500, -0.020500,
		-0.090000, -0.032500, -0.035500,
		-0.091250, -0.032835, -0.020500,
		-0.091250, -0.032835, -0.035500,
		-0.092165, -0.033750, -0.020500,
		-0.092165, -0.033750, -0.035500,
		-0.092500, -0.035000, -0.020500,
		-0.092165, -0.036250, -0.020500,
		-0.092500, -0.035000, -0.035500,
		-0.092165, -0.036250, -0.035500,
		-0.091250, -0.037165, -0.020500,
		-0.091250, -0.037165, -0.035500,
		-0.090000, -0.037500, -0.020500,
		-0.090000, -0.037500, -0.035500,
		-0.088750, -0.037165, -0.020500,
		-0.088750, -0.037165, -0.035500,
		-0.087835, -0.036250, -0.020500,
		-0.087835, -0.036250, -0.035500,
		-0.087500, -0.035000, -0.020500,
		-0.087500, -0.035000, -0.035500,
		-0.087835, -0.033750, -0.020500,
		-0.087835, -0.033750, -0.035500,
		-0.088750, -0.032835, -0.020500,
		-0.008750, -0.048835, -0.035500,
		-0.010000, -0.048500, -0.020500,
		-0.010000, -0.048500, -0.035500,
		-0.011250, -0.048835, -0.020500,
		-0.011250, -0.048835, -0.035500,
		-0.012165, -0.049750, -0.020500,
		-0.012165, -0.049750, -0.035500,
		-0.012500, -0.051000, -0.020500,
		-0.012165, -0.052250, -0.020500,
		-0.012500, -0.051000, -0.035500,
		-0.012165, -0.052250, -0.035500,
		-0.011250, -0.053165, -0.020500,
		-0.011250, -0.053165, -0.035500,
		-0.010000, -0.053500, -0.020500,
		-0.010000, -0.053500, -0.035500,
		-0.008750, -0.053165, -0.020500,
		-0.008750, -0.053165, -0.035500,
		-0.007835, -0.052250, -0.020500,
		-0.007835, -0.052250, -0.035500,
		-0.007500, -0.051000, -0.020500,
		-0.007500, -0.051000, -0.035500,
		-0.007835, -0.049750, -0.020500,
		-0.007835, -0.049750, -0.035500,
		-0.008750, -0.048835, -0.020500,
		0.017250, 0.065165, -0.025500,
		0.016000, 0.065500, -0.010500,
		0.016000, 0.065500, -0.025500,
		0.014750, 0.065165, -0.010500,
		0.014750, 0.065165, -0.025500,
		0.013835, 0.064250, -0.010500,
		0.013835, 0.064250, -0.025500,
		0.013500, 0.063000, -0.010500,
		0.013835, 0.061750, -0.010500,
		0.013500, 0.063000, -0.025500,
		0.013835, 0.061750, -0.025500,
		0.014750, 0.060835, -0.010500,
		0.014750, 0.060835, -0.025500,
		0.016000, 0.060500, -0.010500,
		0.016000, 0.060500, -0.025500,
		0.017250, 0.060835, -0.010500,
		0.017250, 0.060835, -0.025500,
		0.018165, 0.061750, -0.010500,
		0.018165, 0.061750, -0.025500,
		0.018500, 0.063000, -0.010500,
		0.018500, 0.063000, -0.025500,
		0.018165, 0.064250, -0.010500,
		0.018165, 0.064250, -0.025500,
		0.017250, 0.065165, -0.010500
	],
	"morphTargets":[],
	"normals":[
		-0.707110, -0.707104, 0.000000,
		-0.258820, -0.965926, -0.000000,
		0.258818, -0.965926, 0.000000,
		0.707110, -0.707104, 0.000000,
		0.965925, -0.258822, 0.000000,
		0.965925, 0.258822, 0.000000,
		0.707110, 0.707104, 0.000000,
		0.258818, 0.965926, 0.000000,
		-0.258820, 0.965926, 0.000000,
		-0.707110, 0.707104, 0.000000,
		-0.965925, 0.258822, 0.000000,
		-0.965925, -0.258822, -0.000000,
		-0.965925, -0.258822, 0.000000,
		-0.258817, -0.965926, 0.000000,
		0.258817, -0.965926, 0.000000,
		0.707107, -0.707107, 0.000000,
		0.965925, 0.258822, 0.000000,
		0.707105, 0.707108, 0.000000,
		0.258820, 0.965926, 0.000000,
		-0.707105, 0.707108, 0.000000,
		-0.965927, 0.258816, 0.000000,
		-0.965926, -0.258817, -0.000000,
		-0.965926, -0.258817, 0.000000,
		-0.707107, -0.707107, -0.000000,
		-0.707107, -0.707107, 0.000000,
		-0.258817, -0.965926, -0.000000,
		0.965926, -0.258817, 0.000000,
		0.965927, 0.258816, 0.000000,
		-0.965925, 0.258822, 0.000000,
		-0.258818, -0.965926, 0.000000,
		0.258820, -0.965926, 0.000000,
		-0.258818, 0.965926, 0.000000,
		-0.707110, -0.707104, -0.000000,
		-0.258818, -0.965926, -0.000000,
		-0.258817, -0.965926, 0.000000,
		0.258817, -0.965926, 0.000000,
		0.707108, -0.707106, 0.000000,
		0.965926, -0.258820, 0.000000,
		0.965926, 0.258819, 0.000000,
		0.707106, 0.707107, 0.000000,
		0.258819, 0.965926, 0.000000,
		-0.258820, 0.965926, 0.000000,
		-0.707106, 0.707108, 0.000000,
		-0.965926, 0.258819, 0.000000,
		-0.965926, -0.258819, -0.000000,
		-0.965926, -0.258819, 0.000000,
		-0.707108, -0.707106, -0.000000,
		-0.707108, -0.707106, 0.000000,
		-0.258817, -0.965926, -0.000000,
		-0.258817, -0.965926, 0.000000,
		0.258817, -0.965926, 0.000000,
		0.707108, -0.707106, 0.000000,
		0.965926, -0.258819, 0.000000,
		0.965926, 0.258818, 0.000000,
		0.707106, 0.707108, 0.000000,
		0.258819, 0.965926, 0.000000,
		-0.258820, 0.965926, 0.000000,
		-0.965926, 0.258819, 0.000000,
		-0.965926, -0.258820, -0.000000,
		-0.965926, -0.258820, 0.000000,
		-0.258817, -0.965926, -0.000000
	],
	"colors":[
		6680691
	],
	"uvs":[[]],