{
	"metadata":{
		"formatVersion": 3,
		"fileName"     : "182.json",
		"generatedBy"  : "RaidaJSONExporter",
		"vertices"     : 40,
		"faces"        : 40,
		"normals"      : 35,
		"colors"       : 1
	},
	"materials":[],
	"vertices":[
		-0.038586, 0.022325, -0.015598,
		-0.038571, 0.021575, -0.015598,
		-0.038407, 0.022328, -0.015247,
		-0.038392, 0.021578, -0.015247,
		-0.038128, 0.022334, -0.014968,
		-0.038647, 0.022323, -0.015987,
		-0.038586, 0.022325, -0.016377,
		-0.038571, 0.021575, -0.016377,
		-0.038633, 0.021574, -0.015987,
		-0.038113, 0.021584, -0.014968,
		-0.037762, 0.021591, -0.014789,
		-0.037777, 0.022340, -0.014789,
		-0.038392, 0.021578, -0.016728,
		-0.038407, 0.022328, -0.016728,
		-0.038113, 0.021584, -0.017007,
		-0.038128, 0.022334, -0.017007,
		-0.037762, 0.021591, -0.017186,
		-0.037777, 0.022340, -0.017186,
		-0.037373, 0.021598, -0.017247,
		-0.037388, 0.022348, -0.017247,
		-0.036984, 0.021606, -0.017186,
		-0.036998, 0.022356, -0.017186,
		-0.036632, 0.021613, -0.017007,
		-0.036647, 0.022363, -0.017007,
		-0.036354, 0.021618, -0.016728,
		-0.036368, 0.022368, -0.016728,
		-0.036175, 0.021622, -0.016377,
		-0.036189, 0.022371, -0.016377,
		-0.036113, 0.021623, -0.015987,
		-0.036128, 0.022373, -0.015987,
		-0.036175, 0.021622, -0.015598,
		-0.036189, 0.022371, -0.015598,
		-0.036354, 0.021618, -0.015247,
		-0.036368, 0.022368, -0.015247,
		-0.036632, 0.021613, -0.014968,
		-0.036647, 0.022363, -0.014968,
		-0.036984, 0.021606, -0.014789,
		-0.036998, 0.022356, -0.014789,
		-0.037373, 0.021598, -0.014727,
		-0.037388, 0.022348, -0.014727
	],
	"morphTargets":[],
	"normals":[
		-0.890837, -0.017389, 0.453990,
		-0.706972, -0.013800, 0.707107,
		-0.987500, -0.019276, -0.156435,
		-0.987500, -0.019276, 0.156435,
		-0.453904, -0.008860, 0.891007,
		-0.453904, -0.008860, 0.891007,
		-0.706972, -0.013800, 0.707107,
		-0.890837, -0.017389, -0.453991,
		-0.890837, -0.017389, -0.453991,
		-0.706972, -0.013800, -0.707107,
		-0.706972, -0.013800, -0.707107,
		-0.453904, -0.008860, -0.891007,
		-0.453904, -0.008860, -0.891007,
		-0.156405, -0.003053, -0.987688,
		-0.156405, -0.003053, -0.987688,
		0.156405, 0.003053, -0.987688,
		0.156405, 0.003053, -0.987688,
		0.453904, 0.008860, -0.891007,
		0.453904, 0.008860, -0.891007,
		0.706972, 0.013800, -0.707107,
		0.706972, 0.013800, -0.707107,
		0.890837, 0.017389, -0.453991,
		0.890837, 0.017389, -0.453991,
		0.987500, 0.019276, -0.156435,
		0.987500, 0.019276, 0.156435,
		0.987500, 0.019276, 0.156435,
		0.890837, 0.017389, 0.453990,
		0.890837, 0.017389, 0.453990,
		0.706972, 0.013800, 0.707107,
		0.706972, 0.013800, 0.707107,
		0.453904, 0.008860, 0.891007,
		0.453904, 0.008860, 0.891007,
		0.156404, 0.003053, 0.987688,
		0.156404, 0.003053, 0.987688,
		-0.156404, -0.003053, 0.987688
	],
	"colors":[
		15066368
	],
	"uvs":[[]],
	"faces":[
		160, 0, 1, 2, 0, 0, 0, 0, 0, 0,
		160, 2, 1, 3, 0, 0, 0, 0, 0, 0,
		160, 2, 3, 4, 1, 1, 1, 0, 0, 0,
		160, 5, 6, 7, 2, 2, 2, 0, 0, 0,
		160, 5, 7, 8, 2, 2, 2, 0, 0, 0,
		160, 5, 8, 0, 3, 3, 3, 0, 0, 0,
		160, 8, 1, 0, 3, 3, 3, 0, 0, 0,
		160, 9, 10, 11, 4, 4, 4, 0, 0, 0,
		160, 9, 11, 4, 5, 5, 5, 0, 0, 0,
		160, 9, 4, 3, 6, 6, 6, 0, 0, 0,
		160, 7, 6, 12, 7, 7, 7, 0, 0, 0,
		160, 6, 13, 12, 8, 8, 8, 0, 0, 0,
		160, 12, 13, 14, 9, 9, 9, 0, 0, 0,
		160, 13, 15, 14, 10, 10, 10, 0, 0, 0,
		160, 14, 15, 16, 11, 11, 11, 0, 0, 0,
		160, 15, 17, 16, 12, 12, 12, 0, 0, 0,
		160, 16, 17, 18, 13, 13, 13, 0, 0, 0,
		160, 17, 19, 18, 14, 14, 14, 0, 0, 0,
		160, 18, 19, 20, 15, 15, 15, 0, 0, 0,
		160, 19, 21, 20, 16, 16, 16, 0, 0, 0,
		160, 20, 21, 22, 17, 17, 17, 0, 0, 0,
		160, 21, 23, 22, 18, 18, 18, 0, 0, 0,
		160, 22, 23, 24, 19, 19, 19, 0, 0, 0,
		160, 23, 25, 24, 20, 20, 20, 0, 0, 0,
		160, 24, 25, 26, 21, 21, 21, 0, 0, 0,
		160, 25, 27, 26, 22, 22, 22, 0, 0, 0,
		160, 26, 27, 28, 23, 23, 23, 0, 0, 0,
		160, 27, 29, 28, 23, 23, 23, 0, 0, 0,
		160, 28, 29, 30, 24, 24, 24, 0, 0, 0,
		160, 29, 31, 30, 25, 25, 25, 0, 0, 0,
		160, 30, 31, 32, 26, 26, 26, 0, 0, 0,
		160, 31, 33, 32, 27, 27, 27, 0, 0, 0,
		160, 32, 33, 34, 28, 28, 28, 0, 0, 0,
		160, 33, 35, 34, 29, 29, 29, 0, 0, 0,
		160, 34, 35, 36, 30, 30, 30, 0, 0, 0,
		160, 35, 37, 36, 31, 31, 31, 0, 0, 0,
		160, 36, 37, 38, 32, 32, 32, 0, 0, 0,
		160, 37, 39, 38, 33, 33, 33, 0, 0, 0,
		160, 38, 39, 10, 34, 34, 34, 0, 0, 0,
		160, 10, 39, 11, 34, 34, 34, 0, 0, 0
	]
}
