{
	"metadata":{
		"formatVersion": 3,
		"fileName"     : "185.json",
		"generatedBy"  : "RaidaJSONExporter",
		"vertices"     : 48,
		"faces"        : 48,
		"normals"      : 47,
		"colors"       : 1
	},
	"materials":[],
	"vertices":[
		0.004000, 0.078735, -0.020407,
		0.004000, 0.080909, -0.020445,
		0.003634, 0.078741, -0.020041,
		0.003634, 0.080916, -0.020079,
		0.003500, 0.078750, -0.019541,
		0.003500, 0.080924, -0.019579,
		0.003634, 0.078758, -0.019042,
		0.003634, 0.080933, -0.019079,
		0.004000, 0.080940, -0.018714,
		0.004000, 0.078765, -0.018676,
		0.004500, 0.078767, -0.018542,
		0.004500, 0.080942, -0.018580,
		0.005000, 0.078765, -0.018676,
		0.005000, 0.080940, -0.018714,
		0.005366, 0.078758, -0.019042,
		0.005366, 0.080933, -0.019079,
		0.005500, 0.078750, -0.019541,
		0.005500, 0.080924, -0.019579,
		0.005366, 0.078741, -0.020041,
		0.005366, 0.080916, -0.020079,
		0.005000, 0.078735, -0.020407,
		0.005000, 0.080909, -0.020445,
		0.004500, 0.078732, -0.020541,
		0.004500, 0.080907, -0.020579,
		-0.004000, 0.078735, -0.020407,
		-0.004000, 0.080909, -0.020445,
		-0.004366, 0.078741, -0.020041,
		-0.004366, 0.080916, -0.020079,
		-0.004500, 0.078750, -0.019541,
		-0.004500, 0.080924, -0.019579,
		-0.004366, 0.078758, -0.019042,
		-0.004366, 0.080933, -0.019079,
		-0.004000, 0.080940, -0.018714,
		-0.004000, 0.078765, -0.018676,
		-0.003500, 0.078767, -0.018542,
		-0.003500, 0.080942, -0.018580,
		-0.003000, 0.078765, -0.018676,
		-0.003000, 0.080940, -0.018714,
		-0.002634, 0.078758, -0.019042,
		-0.002634, 0.080933, -0.019079,
		-0.002500, 0.078750, -0.019541,
		-0.002500, 0.080924, -0.019579,
		-0.002634, 0.078741, -0.020041,
		-0.002634, 0.080916, -0.020079,
		-0.003000, 0.078735, -0.020407,
		-0.003000, 0.080909, -0.020445,
		-0.003500, 0.078732, -0.020541,
		-0.003500, 0.080907, -0.020579
	],
	"morphTargets":[],
	"normals":[
		0.707107, 0.012341, 0.706999,
		0.707107, 0.012341, 0.706999,
		0.965926, 0.004517, 0.258779,
		0.965926, 0.004517, 0.258779,
		0.965926, -0.004517, -0.258779,
		0.965926, -0.004517, -0.258779,
		0.707107, -0.012341, -0.706999,
		0.707107, -0.012341, -0.706999,
		0.258819, -0.016858, -0.965779,
		0.258819, -0.016858, -0.965779,
		-0.258819, -0.016858, -0.965779,
		-0.258819, -0.016858, -0.965779,
		-0.707107, -0.012341, -0.706999,
		-0.707107, -0.012341, -0.706999,
		-0.965926, -0.004517, -0.258779,
		-0.965926, -0.004517, -0.258779,
		-0.965926, 0.004517, 0.258779,
		-0.965926, 0.004517, 0.258779,
		-0.707107, 0.012341, 0.706999,
		-0.707107, 0.012341, 0.706999,
		-0.258819, 0.016858, 0.965779,
		-0.258819, 0.016858, 0.965779,
		0.258819, 0.016858, 0.965779,
		0.258819, 0.016858, 0.965779,
		0.707107, 0.012341, 0.706999,
		0.707107, 0.012341, 0.706999,
		0.965926, 0.004517, 0.258779,
		0.965926, 0.004517, 0.258779,
		0.965926, -0.004517, -0.258779,
		0.965926, -0.004517, -0.258779,
		0.707107, -0.012341, -0.706999,
		0.707107, -0.012341, -0.706999,
		0.258819, -0.016858, -0.965779,
		0.258819, -0.016858, -0.965779,
		-0.258819, -0.016858, -0.965779,
		-0.258819, -0.016858, -0.965779,
		-0.707107, -0.012341, -0.706999,
		-0.707107, -0.012341, -0.706999,
		-0.965926, -0.004517, -0.258780,
		-0.965926, -0.004517, -0.258780,
		-0.965926, 0.004517, 0.258780,
		-0.965926, 0.004517, 0.258780,
		-0.707107, 0.012341, 0.706999,
		-0.707107, 0.012341, 0.706999,
		-0.258819, 0.016858, 0.965779,
		0.258819, 0.016858, 0.965779,
		0.258819, 0.016858, 0.965779
	],
	"colors":[
		12303291
	],
	"uvs":[[]],
	"faces":[
		160, 0, 1, 2, 0, 0, 0, 0, 0, 0,
		160, 2, 1, 3, 1, 1, 1, 0, 0, 0,
		160, 2, 3, 4, 2, 2, 2, 0, 0, 0,
		160, 4, 3, 5, 3, 3, 3, 0, 0, 0,
		160, 4, 5, 6, 4, 4, 4, 0, 0, 0,
		160, 5, 7, 6, 5, 5, 5, 0, 0, 0,
		160, 7, 8, 9, 6, 6, 6, 0, 0, 0,
		160, 7, 9, 6, 7, 7, 7, 0, 0, 0,
		160, 9, 8, 10, 8, 8, 8, 0, 0, 0,
		160, 8, 11, 10, 9, 9, 9, 0, 0, 0,
		160, 10, 11, 12, 10, 10, 10, 0, 0, 0,
		160, 11, 13, 12, 11, 11, 11, 0, 0, 0,
		160, 12, 13, 14, 12, 12, 12, 0, 0, 0,
		160, 13, 15, 14, 13, 13, 13, 0, 0, 0,
		160, 14, 15, 16, 14, 14, 14, 0, 0, 0,
		160, 15, 17, 16, 15, 15, 15, 0, 0, 0,
		160, 16, 17, 18, 16, 16, 16, 0, 0, 0,
		160, 17, 19, 18, 17, 17, 17, 0, 0, 0,
		160, 18, 19, 20, 18, 18, 18, 0, 0, 0,
		160, 19, 21, 20, 19, 19, 19, 0, 0, 0,
		160, 20, 21, 22, 20, 20, 20, 0, 0, 0,
		160, 21, 23, 22, 21, 21, 21, 0, 0, 0,
		160, 22, 23, 0, 22, 22, 22, 0, 0, 0,
		160, 23, 1, 0, 23, 23, 23, 0, 0, 0,
		160, 24, 25, 26, 24, 24, 24, 0, 0, 0,
		160, 26, 25, 27, 25, 25, 25, 0, 0, 0,
		160, 26, 27, 28, 26, 26, 26, 0, 0, 0,
		160, 28, 27, 29, 27, 27, 27, 0, 0, 0,
		160, 28, 29, 30, 28, 28, 28, 0, 0, 0,
		160, 29, 31, 30, 29, 29, 29, 0, 0, 0,
		160, 31, 32, 33, 30, 30, 30, 0, 0, 0,
		160, 31, 33, 30, 31, 31, 31, 0, 0, 0,
		160, 33, 32, 34, 32, 32, 32, 0, 0, 0,
		160, 32, 35, 34, 33, 33, 33, 0, 0, 0,
		160, 34, 35, 36, 34, 34, 34, 0, 0, 0,
		160, 35, 37, 36, 35, 35, 35, 0, 0, 0,
		160, 36, 37, 38, 36, 36, 36, 0, 0, 0,
		160, 37, 39, 38, 37, 37, 37, 0, 0, 0,
		160, 38, 39, 40, 38, 38, 38, 0, 0, 0,
		160, 39, 41, 40, 39, 39, 39, 0, 0, 0,
		160, 40, 41, 42, 40, 40, 40, 0, 0, 0,
		160, 41, 43, 42, 41, 41, 41, 0, 0, 0,
		160, 42, 43, 44, 42, 42, 42, 0, 0, 0,
		160, 43, 45, 44, 43, 43, 43, 0, 0, 0,
		160, 44, 45, 46, 44, 44, 44, 0, 0, 0,
		160, 45, 47, 46, 44, 44, 44, 0, 0, 0,
		160, 46, 47, 24, 45, 45, 45, 0, 0, 0,
		160, 47, 25, 24, 46, 46, 46, 0, 0, 0
	]
}
