{
	"metadata":{
		"formatVersion": 3,
		"fileName"     : "28.json",
		"generatedBy"  : "RaidaJSONExporter",
		"vertices"     : 144,
		"faces"        : 144,
		"normals"      : 121,
		"colors"       : 1
	},
	"materials":[],
	"vertices":[
		0.000495, -0.012790, 0.006264,
		0.000495, -0.012790, 0.009264,
		0.000928, -0.012733, 0.006264,
		0.000928, -0.012733, 0.009264,
		0.001354, -0.012638, 0.006264,
		0.000060, -0.012809, 0.006264,
		-0.000376, -0.012790, 0.006264,
		-0.000376, -0.012790, 0.009264,
		0.000060, -0.012809, 0.009264,
		0.001354, -0.012638, 0.009264,
		0.001770, -0.012507, 0.009264,
		0.001770, -0.012507, 0.006264,
		0.002173, -0.012340, 0.009264,
		0.002173, -0.012340, 0.006264,
		0.002560, -0.012139, 0.009264,
		0.002560, -0.012139, 0.006264,
		0.002927, -0.011904, 0.009264,
		0.002927, -0.011904, 0.006264,
		0.003273, -0.011639, 0.009264,
		0.003273, -0.011639, 0.006264,
		0.003595, -0.011344, 0.009264,
		0.003595, -0.011344, 0.006264,
		0.003890, -0.011022, 0.009264,
		0.003890, -0.011022, 0.006264,
		0.004155, -0.010676, 0.009264,
		0.004155, -0.010676, 0.006264,
		0.004390, -0.010309, 0.009264,
		0.004390, -0.010309, 0.006264,
		0.004591, -0.009922, 0.009264,
		0.004591, -0.009922, 0.006264,
		0.004758, -0.009519, 0.009264,
		0.004758, -0.009519, 0.006264,
		0.004889, -0.009103, 0.009264,
		0.004889, -0.009103, 0.006264,
		0.004984, -0.008677, 0.009264,
		0.004984, -0.008677, 0.006264,
		0.005041, -0.008244, 0.009264,
		0.005041, -0.008244, 0.006264,
		0.005060, -0.007809, 0.009264,
		0.005060, -0.007809, 0.006264,
		0.005041, -0.007373, 0.009264,
		0.005041, -0.007373, 0.006264,
		0.004984, -0.006940, 0.009264,
		0.004984, -0.006940, 0.006264,
		0.004889, -0.006514, 0.009264,
		0.004889, -0.006514, 0.006264,
		0.004758, -0.006098, 0.009264,
		0.004758, -0.006098, 0.006264,
		0.004591, -0.005695, 0.009264,
		0.004591, -0.005695, 0.006264,
		0.004390, -0.005309, 0.009264,
		0.004390, -0.005309, 0.006264,
		0.004155, -0.004941, 0.009264,
		0.004155, -0.004941, 0.006264,
		0.003890, -0.004595, 0.009264,
		0.003890, -0.004595, 0.006264,
		0.003595, -0.004273, 0.009264,
		0.003595, -0.004273, 0.006264,
		0.003273, -0.003978, 0.009264,
		0.003273, -0.003978, 0.006264,
		0.002927, -0.003713, 0.009264,
		0.002927, -0.003713, 0.006264,
		0.002560, -0.003478, 0.009264,
		0.002560, -0.003478, 0.006264,
		0.002173, -0.003277, 0.009264,
		0.002173, -0.003277, 0.006264,
		0.001770, -0.003110, 0.009264,
		0.001770, -0.003110, 0.006264,
		0.001354, -0.002979, 0.009264,
		0.001354, -0.002979, 0.006264,
		0.000928, -0.002884, 0.009264,
		0.000928, -0.002884, 0.006264,
		0.000495, -0.002828, 0.009264,
		0.000495, -0.002828, 0.006264,
		0.000060, -0.002809, 0.009264,
		0.000060, -0.002809, 0.006264,
		-0.000376, -0.002828, 0.009264,
		-0.000376, -0.002828, 0.006264,
		-0.000809, -0.002884, 0.009264,
		-0.000809, -0.002884, 0.006264,
		-0.001235, -0.002979, 0.009264,
		-0.001235, -0.002979, 0.006264,
		-0.001651, -0.003110, 0.009264,
		-0.001651, -0.003110, 0.006264,
		-0.002054, -0.003277, 0.009264,
		-0.002054, -0.003277, 0.006264,
		-0.002440, -0.003478, 0.009264,
		-0.002440, -0.003478, 0.006264,
		-0.002808, -0.003713, 0.009264,
		-0.002808, -0.003713, 0.006264,
		-0.003154, -0.003978, 0.009264,
		-0.003154, -0.003978, 0.006264,
		-0.003476, -0.004273, 0.009264,
		-0.003476, -0.004273, 0.006264,
		-0.003771, -0.004595, 0.009264,
		-0.003771, -0.004595, 0.006264,
		-0.004036, -0.004941, 0.009264,
		-0.004036, -0.004941, 0.006264,
		-0.004271, -0.005309, 0.009264,
		-0.004271, -0.005309, 0.006264,
		-0.004472, -0.005695, 0.009264,
		-0.004472, -0.005695, 0.006264,
		-0.004639, -0.006098, 0.009264,
		-0.004639, -0.006098, 0.006264,
		-0.004770, -0.006514, 0.009264,
		-0.004770, -0.006514, 0.006264,
		-0.004864, -0.006940, 0.009264,
		-0.004864, -0.006940, 0.006264,
		-0.004921, -0.007373, 0.009264,
		-0.004921, -0.007373, 0.006264,
		-0.004940, -0.007809, 0.009264,
		-0.004940, -0.007809, 0.006264,
		-0.004921, -0.008244, 0.009264,
		-0.004921, -0.008244, 0.006264,
		-0.004864, -0.008677, 0.009264,
		-0.004864, -0.008677, 0.006264,
		-0.000809, -0.012733, 0.009264,
		-0.000809, -0.012733, 0.006264,
		-0.001235, -0.012638, 0.009264,
		-0.001235, -0.012638, 0.006264,
		-0.001651, -0.012507, 0.009264,
		-0.001651, -0.012507, 0.006264,
		-0.002054, -0.012340, 0.009264,
		-0.002054, -0.012340, 0.006264,
		-0.002440, -0.012139, 0.009264,
		-0.002440, -0.012139, 0.006264,
		-0.002808, -0.011904, 0.009264,
		-0.002808, -0.011904, 0.006264,
		-0.003154, -0.011639, 0.009264,
		-0.003154, -0.011639, 0.006264,
		-0.003476, -0.011344, 0.009264,
		-0.003476, -0.011344, 0.006264,
		-0.003771, -0.011022, 0.009264,
		-0.003771, -0.011022, 0.006264,
		-0.004036, -0.010676, 0.009264,
		-0.004036, -0.010676, 0.006264,
		-0.004271, -0.010309, 0.009264,
		-0.004271, -0.010309, 0.006264,
		-0.004472, -0.009922, 0.009264,
		-0.004472, -0.009922, 0.006264,
		-0.004639, -0.009519, 0.009264,
		-0.004639, -0.009519, 0.006264,
		-0.004770, -0.009103, 0.009264,
		-0.004770, -0.009103, 0.006264
	],
	"morphTargets":[],