{
	"metadata":{
		"formatVersion": 3,
		"fileName"     : "49.json",
		"generatedBy"  : "RaidaJSONExporter",
		"vertices"     : 50,
		"faces"        : 50,
		"normals"      : 45,
		"colors"       : 1
	},
	"materials":[],
	"vertices":[
		-0.007248, -0.052193, -0.040000,
		-0.007248, -0.052193, -0.025000,
		-0.007631, -0.052840, -0.040000,
		-0.007631, -0.052840, -0.025000,
		-0.008163, -0.053372, -0.040000,
		-0.007037, -0.051471, -0.040000,
		-0.007013, -0.050720, -0.040000,
		-0.007013, -0.050720, -0.025000,
		-0.007037, -0.051471, -0.025000,
		-0.008163, -0.053372, -0.025000,
		-0.008810, -0.053754, -0.025000,
		-0.008810, -0.053754, -0.040000,
		-0.009533, -0.053963, -0.025000,
		-0.009533, -0.053963, -0.040000,
		-0.010284, -0.053986, -0.025000,
		-0.010284, -0.053986, -0.040000,
		-0.011018, -0.053822, -0.025000,
		-0.011018, -0.053822, -0.040000,
		-0.011688, -0.053480, -0.025000,
		-0.011688, -0.053480, -0.040000,
		-0.012252, -0.052982, -0.025000,
		-0.012252, -0.052982, -0.040000,
		-0.007177, -0.049986, -0.025000,
		-0.007177, -0.049986, -0.040000,
		-0.007518, -0.049315, -0.025000,
		-0.007518, -0.049315, -0.040000,
		-0.008015, -0.048751, -0.025000,
		-0.008015, -0.048751, -0.040000,
		-0.008636, -0.048328, -0.025000,
		-0.008636, -0.048328, -0.040000,
		-0.009344, -0.048073, -0.025000,
		-0.009344, -0.048073, -0.040000,
		-0.010092, -0.048001, -0.025000,
		-0.010092, -0.048001, -0.040000,
		-0.010835, -0.048119, -0.025000,
		-0.010835, -0.048119, -0.040000,
		-0.011525, -0.048417, -0.025000,
		-0.011525, -0.048417, -0.040000,
		-0.012120, -0.048877, -0.025000,
		-0.012120, -0.048877, -0.040000,
		-0.012581, -0.049471, -0.025000,
		-0.012581, -0.049471, -0.040000,
		-0.012880, -0.050161, -0.025000,
		-0.012880, -0.050161, -0.040000,
		-0.012998, -0.050904, -0.025000,
		-0.012998, -0.050904, -0.040000,
		-0.012928, -0.051652, -0.025000,
		-0.012928, -0.051652, -0.040000,
		-0.012674, -0.052360, -0.025000,
		-0.012674, -0.052360, -0.040000
	],
	"morphTargets":[],
	"normals":[
		0.860389, -0.509638, -0.000000,
		0.706616, -0.707597, -0.000000,
		0.999485, -0.032104, -0.000000,
		0.999485, -0.032104, -0.000000,
		0.960100, -0.279657, -0.000000,
		0.960100, -0.279657, -0.000000,
		0.508444, -0.861095, -0.000000,
		0.508444, -0.861095, 0.000000,
		0.706616, -0.707597, 0.000000,
		0.278325, -0.960487, -0.000000,
		0.278325, -0.960487, -0.000000,
		0.030717, -0.999528, 0.000000,
		0.030717, -0.999528, -0.000000,
		-0.218820, -0.975765, 0.000000,
		-0.218820, -0.975765, -0.000000,
		-0.454608, -0.890691, -0.000000,
		-0.454608, -0.890691, -0.000000,
		-0.661832, -0.749652, 0.000000,
		-0.661832, -0.749652, -0.000000,
		0.976068, 0.217466, -0.000000,
		0.976068, 0.217466, -0.000000,
		0.891321, 0.453373, -0.000000,
		0.891321, 0.453373, -0.000000,
		0.750570, 0.660791, -0.000000,
		0.750570, 0.660791, 0.000000,
		0.562657, 0.826690, 0.000000,
		0.562657, 0.826690, 0.000000,
		0.339390, 0.940646, 0.000000,
		0.339390, 0.940646, 0.000000,
		0.094799, 0.995496, 0.000000,
		-0.155749, 0.987797, 0.000000,
		-0.155749, 0.987797, 0.000000,
		-0.396511, 0.918030, 0.000000,
		-0.396511, 0.918030, 0.000000,
		-0.612359, 0.790580, 0.000000,
		-0.789730, 0.613455, 0.000000,
		-0.917479, 0.397785, 0.000000,
		-0.917479, 0.397785, 0.000000,
		-0.987580, 0.157120, 0.000000,
		-0.987580, 0.157120, 0.000000,
		-0.995627, -0.093418, -0.000000,
		-0.995627, -0.093418, 0.000000,
		-0.941116, -0.338085, -0.000000,
		-0.941116, -0.338085, 0.000000,
		-0.827470, -0.561510, -0.000000
	],
	"colors":[
		6680691
	],
	"uvs":[[]],
	"faces":[
		160, 0, 1, 2, 0, 0, 0, 0, 0, 0,
		160, 2, 1, 3, 0, 0, 0, 0, 0, 0,
		160, 2, 3, 4, 1, 1, 1, 0, 0, 0,
		160, 5, 6, 7, 2, 2, 2, 0, 0, 0,
		160, 5, 7, 8, 3, 3, 3, 0, 0, 0,
		160, 5, 8, 0, 4, 4, 4, 0, 0, 0,
		160, 8, 1, 0, 5, 5, 5, 0, 0, 0,
		160, 9, 10, 11, 6, 6, 6, 0, 0, 0,
		160, 9, 11, 4, 7, 7, 7, 0, 0, 0,
		160, 9, 4, 3, 8, 8, 8, 0, 0, 0,
		160, 10, 12, 13, 9, 9, 9, 0, 0, 0,
		160, 10, 13, 11, 10, 10, 10, 0, 0, 0,
		160, 12, 14, 15, 11, 11, 11, 0, 0, 0,
		160, 12, 15, 13, 12, 12, 12, 0, 0, 0,
		160, 14, 16, 17, 13, 13, 13, 0, 0, 0,
		160, 14, 17, 15, 14, 14, 14, 0, 0, 0,
		160, 16, 18, 19, 15, 15, 15, 0, 0, 0,
		160, 16, 19, 17, 16, 16, 16, 0, 0, 0,
		160, 18, 20, 21, 17, 17, 17, 0, 0, 0,
		160, 18, 21, 19, 18, 18, 18, 0, 0, 0,
		160, 7, 6, 22, 19, 19, 19, 0, 0, 0,
		160, 6, 23, 22, 20, 20, 20, 0, 0, 0,
		160, 22, 23, 24, 21, 21, 21, 0, 0, 0,
		160, 23, 25, 24, 22, 22, 22, 0, 0, 0,
		160, 24, 25, 26, 23, 23, 23, 0, 0, 0,
		160, 25, 27, 26, 24, 24, 24, 0, 0, 0,
		160, 26, 27, 28, 25, 25, 25, 0, 0, 0,
		160, 27, 29, 28, 26, 26, 26, 0, 0, 0,
		160, 28, 29, 30, 27, 27, 27, 0, 0, 0,
		160, 29, 31, 30, 28, 28, 28, 0, 0, 0,
		160, 30, 31, 32, 29, 29, 29, 0, 0, 0,
		160, 31, 33, 32, 29, 29, 29, 0, 0, 0,
		160, 32, 33, 34, 30, 30, 30, 0, 0, 0,
		160, 33, 35, 34, 31, 31, 31, 0, 0, 0,
		160, 34, 35, 36, 32, 32, 32, 0, 0, 0,
		160, 35, 37, 36, 33, 33, 33, 0, 0, 0,
		160, 36, 37, 38, 34, 34, 34, 0, 0, 0,
		160, 37, 39, 38, 34, 34, 34, 0, 0, 0,
		160, 38, 39, 40, 35, 35, 35, 0, 0, 0,
		160, 39, 41, 40, 35, 35, 35, 0, 0, 0,
		160, 40, 41, 42, 36, 36, 36, 0, 0, 0,
		160, 41, 43, 42, 37, 37, 37, 0, 0, 0,
		160, 42, 43, 44, 38, 38, 38, 0, 0, 0,
		160, 43, 45, 44, 39, 39, 39, 0, 0, 0,
		160, 44, 45, 46, 40, 40, 40, 0, 0, 0,
		160, 45, 47, 46, 41, 41, 41, 0, 0, 0,
		160, 46, 47, 48, 42, 42, 42, 0, 0, 0,
		160, 47, 49, 48, 43, 43, 43, 0, 0, 0,
		160, 48, 49, 20, 44, 44, 44, 0, 0, 0,
		160, 20, 49, 21, 44, 44, 44, 0, 0, 0
	]
}
