{
	"metadata":{
		"formatVersion": 3,
		"fileName"     : "56.json",
		"generatedBy"  : "RaidaJSONExporter",
		"vertices"     : 60,
		"faces"        : 70,
		"normals"      : 19,
		"colors"       : 1
	},
	"materials":[],
	"vertices":[
		0.024812, -0.060364, -0.016500,
		0.025012, -0.060364, -0.016500,
		0.024812, -0.060364, -0.015789,
		0.024812, -0.060615, -0.016500,
		0.024956, -0.060607, -0.016789,
		0.024912, -0.060605, -0.016789,
		0.025000, -0.060613, -0.016789,
		0.025012, -0.060615, -0.016789,
		0.024868, -0.060607, -0.016789,
		0.025012, -0.061014, -0.016789,
		0.025012, -0.060615, -0.016500,
		0.024824, -0.060613, -0.016789,
		0.025012, -0.061014, -0.015789,
		0.024812, -0.060615, -0.016789,
		0.024812, -0.061014, -0.016789,
		0.024812, -0.061014, -0.015789,
		0.025012, -0.060364, -0.015789,
		0.024812, -0.061864, -0.015789,
		0.025012, -0.061864, -0.015789,
		0.024812, -0.061864, -0.016500,
		0.024812, -0.061214, -0.015789,
		0.025012, -0.061864, -0.016500,
		0.024812, -0.061613, -0.016500,
		0.024868, -0.061621, -0.016789,
		0.024912, -0.061623, -0.016789,
		0.024824, -0.061615, -0.016789,
		0.024956, -0.061621, -0.016789,
		0.025012, -0.061613, -0.016500,
		0.025012, -0.061214, -0.015789,
		0.025012, -0.061613, -0.016789,
		0.024812, -0.061613, -0.016789,
		0.024812, -0.061214, -0.016789,
		0.025000, -0.061615, -0.016789,
		0.025012, -0.061214, -0.016789,
		0.024162, -0.061014, -0.015789,
		0.024162, -0.061214, -0.015789,
		0.024162, -0.061214, -0.016500,
		0.024162, -0.061014, -0.016500,
		0.024413, -0.061014, -0.016500,
		0.024405, -0.061069, -0.016789,
		0.024403, -0.061114, -0.016789,
		0.024411, -0.061025, -0.016789,
		0.024405, -0.061158, -0.016789,
		0.024413, -0.061214, -0.016500,
		0.024413, -0.061214, -0.016789,
		0.024411, -0.061202, -0.016789,
		0.024413, -0.061014, -0.016789,
		0.025662, -0.061214, -0.015789,
		0.025662, -0.061214, -0.016500,
		0.025411, -0.061214, -0.016500,
		0.025411, -0.061214, -0.016789,
		0.025413, -0.061202, -0.016789,
		0.025419, -0.061158, -0.016789,
		0.025421, -0.061114, -0.016789,
		0.025419, -0.061069, -0.016789,
		0.025413, -0.061025, -0.016789,
		0.025662, -0.061014, -0.016500,
		0.025411, -0.061014, -0.016789,
		0.025662, -0.061014, -0.015789,
		0.025411, -0.061014, -0.016500
	],
	"morphTargets":[],
	"normals":[
		0.000000, -1.000000, 0.000000,
		1.000000, 0.000000, -0.000000,
		0.000000, 0.000000, 1.000000,
		0.000000, 0.000000, 1.000000,
		-1.000000, 0.000000, 0.000000,
		-1.000000, -0.000000, 0.000000,
		1.000000, 0.000000, 0.000000,
		-1.000000, -0.000000, -0.000000,
		-0.000000, 1.000000, 0.000000,
		1.000000, -0.000000, 0.000000,
		0.000000, 1.000000, 0.000000,
		-0.000000, -0.000000, 1.000000,
		0.000000, -0.000000, 1.000000,
		-0.000000, 0.000000, 1.000000,
		0.000000, -0.000000, 1.000000,
		-0.000000, 0.000000, 1.000000,
		0.000000, -1.000000, -0.000000,
		-0.000000, -1.000000, 0.000000,
		-0.000000, -1.000000, -0.000000
	],
	"colors":[
		16777215
	],
	"uvs":[[]],
	"faces":[
		160, 0, 1, 2, 0, 0, 0, 0, 0, 0,
		160, 0, 2, 3, 1, 1, 1, 0, 0, 0,
		160, 4, 5, 6, 2, 2, 2, 0, 0, 0,
		160, 6, 5, 7, 3, 3, 3, 0, 0, 0,
		160, 5, 8, 7, 3, 3, 3, 0, 0, 0,
		160, 7, 8, 9, 2, 2, 2, 0, 0, 0,
		160, 7, 9, 10, 4, 4, 4, 0, 0, 0,
		160, 8, 11, 9, 2, 2, 2, 0, 0, 0,
		160, 10, 9, 12, 5, 5, 5, 0, 0, 0,
		160, 10, 12, 1, 4, 4, 4, 0, 0, 0,
		160, 11, 13, 14, 2, 2, 2, 0, 0, 0,
		160, 11, 14, 9, 3, 3, 3, 0, 0, 0,
		160, 13, 3, 15, 1, 1, 1, 0, 0, 0,
		160, 13, 15, 14, 6, 6, 6, 0, 0, 0,
		160, 3, 2, 15, 1, 1, 1, 0, 0, 0,
		160, 2, 1, 16, 0, 0, 0, 0, 0, 0,
		160, 16, 1, 12, 7, 7, 7, 0, 0, 0,
		160, 17, 18, 19, 8, 8, 8, 0, 0, 0,
		160, 17, 19, 20, 9, 9, 9, 0, 0, 0,
		160, 19, 18, 21, 10, 10, 10, 0, 0, 0,
		160, 19, 22, 20, 6, 6, 6, 0, 0, 0,
		160, 23, 24, 25, 11, 11, 11, 0, 0, 0,
		160, 24, 26, 25, 12, 12, 12, 0, 0, 0,
		160, 21, 18, 27, 4, 4, 4, 0, 0, 0,
		160, 18, 28, 27, 4, 4, 4, 0, 0, 0,
		160, 27, 28, 29, 4, 4, 4, 0, 0, 0,
		160, 22, 30, 31, 6, 6, 6, 0, 0, 0,
		160, 22, 31, 20, 9, 9, 9, 0, 0, 0,
		160, 30, 25, 31, 13, 13, 13, 0, 0, 0,
		160, 25, 26, 31, 11, 11, 11, 0, 0, 0,
		160, 26, 32, 31, 12, 12, 12, 0, 0, 0,
		160, 32, 29, 33, 2, 2, 2, 0, 0, 0,
		160, 32, 33, 31, 14, 14, 14, 0, 0, 0,
		160, 29, 28, 33, 4, 4, 4, 0, 0, 0,
		160, 34, 35, 36, 6, 6, 6, 0, 0, 0,
		160, 34, 36, 37, 6, 6, 6, 0, 0, 0,
		160, 34, 37, 15, 0, 0, 0, 0, 0, 0,
		160, 37, 38, 15, 0, 0, 0, 0, 0, 0,
		160, 39, 40, 41, 13, 13, 13, 0, 0, 0,
		160, 40, 42, 41, 15, 15, 15, 0, 0, 0,
		160, 36, 35, 43, 10, 10, 10, 0, 0, 0,
		160, 35, 20, 43, 8, 8, 8, 0, 0, 0,
		160, 43, 20, 44, 8, 8, 8, 0, 0, 0,
		160, 20, 31, 44, 10, 10, 10, 0, 0, 0,
		160, 44, 31, 45, 12, 12, 12, 0, 0, 0,
		160, 15, 38, 14, 16, 16, 16, 0, 0, 0,
		160, 38, 46, 14, 0, 0, 0, 0, 0, 0,
		160, 46, 41, 14, 13, 13, 13, 0, 0, 0,
		160, 41, 42, 14, 13, 13, 13, 0, 0, 0,
		160, 42, 45, 14, 13, 13, 13, 0, 0, 0,
		160, 45, 31, 14, 15, 15, 15, 0, 0, 0,
		160, 31, 33, 14, 2, 2, 2, 0, 0, 0,
		160, 14, 33, 9, 13, 13, 13, 0, 0, 0,
		160, 28, 47, 48, 8, 8, 8, 0, 0, 0,
		160, 28, 48, 49, 10, 10, 10, 0, 0, 0,
		160, 28, 49, 33, 10, 10, 10, 0, 0, 0,
		160, 49, 50, 33, 10, 10, 10, 0, 0, 0,
		160, 50, 51, 33, 12, 12, 12, 0, 0, 0,
		160, 52, 53, 51, 12, 12, 12, 0, 0, 0,
		160, 53, 54, 51, 3, 3, 3, 0, 0, 0,
		160, 51, 54, 33, 12, 12, 12, 0, 0, 0,
		160, 54, 55, 33, 2, 2, 2, 0, 0, 0,
		160, 48, 47, 56, 4, 4, 4, 0, 0, 0,
		160, 33, 55, 9, 3, 3, 3, 0, 0, 0,
		160, 55, 57, 9, 2, 2, 2, 0, 0, 0,
		160, 47, 58, 56, 4, 4, 4, 0, 0, 0,
		160, 56, 58, 59, 0, 0, 0, 0, 0, 0,
		160, 58, 12, 59, 17, 17, 17, 0, 0, 0,
		160, 59, 12, 57, 18, 18, 18, 0, 0, 0,
		160, 57, 12, 9, 0, 0, 0, 0, 0, 0
	]
}
