{
	"metadata":{
		"formatVersion": 3,
		"fileName"     : "63.json",
		"generatedBy"  : "RaidaJSONExporter",
		"vertices"     : 144,
		"faces"        : 144,
		"normals"      : 88,
		"colors"       : 1
	},
	"materials":[],
	"vertices":[
		0.057782, 0.069336, -0.022099,
		0.057782, 0.069336, -0.021099,
		0.057776, 0.069379, -0.022099,
		0.057776, 0.069379, -0.021099,
		0.057766, 0.069422, -0.022099,
		0.057783, 0.069292, -0.022099,
		0.057782, 0.069249, -0.022099,
		0.057782, 0.069249, -0.021099,
		0.057783, 0.069292, -0.021099,
		0.057766, 0.069422, -0.021099,
		0.057753, 0.069463, -0.021099,
		0.057753, 0.069463, -0.022099,
		0.057737, 0.069504, -0.021099,
		0.057737, 0.069504, -0.022099,
		0.057716, 0.069542, -0.021099,
		0.057716, 0.069542, -0.022099,
		0.057693, 0.069579, -0.021099,
		0.057693, 0.069579, -0.022099,
		0.057666, 0.069614, -0.021099,
		0.057666, 0.069614, -0.022099,
		0.057637, 0.069646, -0.021099,
		0.057637, 0.069646, -0.022099,
		0.057605, 0.069675, -0.021099,
		0.057605, 0.069675, -0.022099,
		0.057570, 0.069702, -0.021099,
		0.057570, 0.069702, -0.022099,
		0.057533, 0.069725, -0.021099,
		0.057533, 0.069725, -0.022099,
		0.057495, 0.069745, -0.021099,
		0.057495, 0.069745, -0.022099,
		0.057454, 0.069762, -0.021099,
		0.057454, 0.069762, -0.022099,
		0.057413, 0.069775, -0.021099,
		0.057413, 0.069775, -0.022099,
		0.057370, 0.069785, -0.021099,
		0.057370, 0.069785, -0.022099,
		0.057327, 0.069790, -0.021099,
		0.057327, 0.069790, -0.022099,
		0.057283, 0.069792, -0.021099,
		0.057283, 0.069792, -0.022099,
		0.057240, 0.069790, -0.021099,
		0.057240, 0.069790, -0.022099,
		0.057197, 0.069785, -0.021099,
		0.057197, 0.069785, -0.022099,
		0.057154, 0.069775, -0.021099,
		0.057154, 0.069775, -0.022099,
		0.057112, 0.069762, -0.021099,
		0.057112, 0.069762, -0.022099,
		0.057072, 0.069745, -0.021099,
		0.057072, 0.069745, -0.022099,
		0.057033, 0.069725, -0.021099,
		0.057033, 0.069725, -0.022099,
		0.056997, 0.069702, -0.021099,
		0.056997, 0.069702, -0.022099,
		0.056962, 0.069675, -0.021099,
		0.056962, 0.069675, -0.022099,
		0.056930, 0.069646, -0.021099,
		0.056930, 0.069646, -0.022099,
		0.056900, 0.069614, -0.021099,
		0.056900, 0.069614, -0.022099,
		0.056874, 0.069579, -0.021099,
		0.056874, 0.069579, -0.022099,
		0.056850, 0.069542, -0.021099,
		0.056850, 0.069542, -0.022099,
		0.056830, 0.069504, -0.021099,
		0.056830, 0.069504, -0.022099,
		0.056814, 0.069463, -0.021099,
		0.056814, 0.069463, -0.022099,
		0.056800, 0.069422, -0.021099,
		0.056800, 0.069422, -0.022099,
		0.056791, 0.069379, -0.021099,
		0.056791, 0.069379, -0.022099,
		0.056785, 0.069336, -0.021099,
		0.056785, 0.069336, -0.022099,
		0.056783, 0.069292, -0.021099,
		0.056783, 0.069292, -0.022099,
		0.056785, 0.069249, -0.021099,
		0.056785, 0.069249, -0.022099,
		0.056791, 0.069205, -0.021099,
		0.056791, 0.069205, -0.022099,
		0.056800, 0.069163, -0.021099,
		0.056800, 0.069163, -0.022099,
		0.056814, 0.069121, -0.021099,
		0.056814, 0.069121, -0.022099,
		0.056830, 0.069081, -0.021099,
		0.056830, 0.069081, -0.022099,
		0.056850, 0.069042, -0.021099,
		0.056850, 0.069042, -0.022099,
		0.056874, 0.069005, -0.021099,
		0.056874, 0.069005, -0.022099,
		0.056900, 0.068971, -0.021099,
		0.056900, 0.068971, -0.022099,
		0.056930, 0.068939, -0.021099,
		0.056930, 0.068939, -0.022099,
		0.056962, 0.068909, -0.021099,
		0.056962, 0.068909, -0.022099,
		0.056997, 0.068883, -0.021099,
		0.056997, 0.068883, -0.022099,
		0.057033, 0.068859, -0.021099,
		0.057033, 0.068859, -0.022099,
		0.057072, 0.068839, -0.021099,
		0.057072, 0.068839, -0.022099,
		0.057112, 0.068822, -0.021099,
		0.057112, 0.068822, -0.022099,
		0.057154, 0.068809, -0.021099,
		0.057154, 0.068809, -0.022099,
		0.057197, 0.068800, -0.021099,
		0.057197, 0.068800, -0.022099,
		0.057240, 0.068794, -0.021099,
		0.057240, 0.068794, -0.022099,
		0.057283, 0.068792, -0.021099,
		0.057283, 0.068792, -0.022099,
		0.057327, 0.068794, -0.021099,
		0.057327, 0.068794, -0.022099,
		0.057370, 0.068800, -0.021099,
		0.057370, 0.068800, -0.022099,
		0.057776, 0.069205, -0.021099,
		0.057776, 0.069205, -0.022099,
		0.057766, 0.069163, -0.021099,
		0.057766, 0.069163, -0.022099,
		0.057753, 0.069121, -0.021099,
		0.057753, 0.069121, -0.022099,
		0.057737, 0.069081, -0.021099,
		0.057737, 0.069081, -0.022099,
		0.057716, 0.069042, -0.021099,
		0.057716, 0.069042, -0.022099,
		0.057693, 0.069005, -0.021099,
		0.057693, 0.069005, -0.022099,
		0.057666, 0.068971, -0.021099,
		0.057666, 0.068971, -0.022099,
		0.057637, 0.068939, -0.021099,
		0.057637, 0.068939, -0.022099,
		0.057605, 0.068909, -0.021099,
		0.057605, 0.068909, -0.022099,
		0.057570, 0.068883, -0.021099,
		0.057570, 0.068883, -0.022099,
		0.057533, 0.068859, -0.021099,
		0.057533, 0.068859, -0.022099,
		0.057495, 0.068839, -0.021099,
		0.057495, 0.068839, -0.022099,
		0.057454, 0.068822, -0.021099,
		0.057454, 0.068822, -0.022099,
		0.057413, 0.068809, -0.021099,
		0.057413, 0.068809, -0.022099
	],
	"morphTargets":[],
	"normals":[
		-0.991444, -0.130531, 0.000000,
		-0.976297, -0.216435, 0.000000,
		-0.999048, 0.043621, 0.000000,
		-0.999048, -0.043620, 0.000000,
		-0.953716, -0.300710, 0.000000,
		-0.953716, -0.300710, -0.000000,
		-0.976297, -0.216435, -0.000000,
		-0.923883, -0.382676, 0.000000,
		-0.923883, -0.382676, -0.000000,
		-0.887010, -0.461750, 0.000000,
		-0.887010, -0.461750, -0.000000,
		-0.843391, -0.537301, 0.000000,
		-0.843391, -0.537301, -0.000000,
		-0.793349, -0.608767, 0.000000,
		-0.793349, -0.608767, -0.000000,
		-0.737276, -0.675592, 0.000000,
		-0.737276, -0.675592, -0.000000,
		-0.675592, -0.737276, 0.000000,
		-0.675592, -0.737276, -0.000000,
		-0.608762, -0.793353, 0.000000,
		-0.608762, -0.793353, -0.000000,
		-0.537301, -0.843391, 0.000000,
		-0.537301, -0.843391, -0.000000,
		-0.461758, -0.887006, 0.000000,
		-0.461758, -0.887006, -0.000000,
		-0.382679, -0.923881, 0.000000,
		-0.382679, -0.923881, -0.000000,
		-0.300707, -0.953716, 0.000000,
		-0.300707, -0.953716, -0.000000,
		-0.216438, -0.976296, 0.000000,
		-0.216438, -0.976296, -0.000000,
		-0.130519, -0.991446, 0.000000,
		-0.130519, -0.991446, -0.000000,
		-0.043620, -0.999048, 0.000000,
		-0.043620, -0.999048, -0.000000,
		0.043620, -0.999048, 0.000000,
		0.130520, -0.991446, 0.000000,
		0.216435, -0.976297, 0.000000,
		0.300710, -0.953716, 0.000000,
		0.382676, -0.923883, 0.000000,
		0.461758, -0.887006, 0.000000,
		0.537301, -0.843391, 0.000000,
		0.608762, -0.793353, 0.000000,
		0.675592, -0.737276, 0.000000,
		0.737276, -0.675592, 0.000000,
		0.793349, -0.608767, 0.000000,
		0.843395, -0.537293, 0.000000,
		0.887010, -0.461750, 0.000000,
		0.923879, -0.382685, 0.000000,
		0.953716, -0.300710, 0.000000,
		0.976297, -0.216435, 0.000000,
		0.991444, -0.130531, 0.000000,
		0.999048, -0.043620, 0.000000,
		0.999048, 0.043621, 0.000000,
		0.991444, 0.130531, 0.000000,
		0.976297, 0.216435, 0.000000,
		0.953716, 0.300710, 0.000000,
		0.923879, 0.382685, 0.000000,
		0.887010, 0.461750, 0.000000,
		0.843395, 0.537293, 0.000000,
		0.793357, 0.608757, 0.000000,
		0.737276, 0.675592, 0.000000,
		0.675592, 0.737276, 0.000000,
		0.608762, 0.793353, 0.000000,
		0.537301, 0.843391, 0.000000,
		0.461741, 0.887015, 0.000000,
		0.382676, 0.923883, 0.000000,
		0.300710, 0.953716, 0.000000,
		0.216435, 0.976297, 0.000000,
		0.130541, 0.991443, 0.000000,
		0.043620, 0.999048, 0.000000,
		-0.043620, 0.999048, 0.000000,
		-0.130540, 0.991443, 0.000000,
		-0.991444, 0.130531, 0.000000,
		-0.976297, 0.216435, 0.000000,
		-0.953716, 0.300710, 0.000000,
		-0.923883, 0.382676, 0.000000,
		-0.887010, 0.461750, 0.000000,
		-0.843391, 0.537301, 0.000000,
		-0.793357, 0.608757, 0.000000,
		-0.737276, 0.675592, 0.000000,
		-0.675592, 0.737276, 0.000000,
		-0.608762, 0.793353, 0.000000,
		-0.537301, 0.843391, 0.000000,
		-0.461741, 0.887015, 0.000000,
		-0.382679, 0.923881, 0.000000,
		-0.300707, 0.953716, 0.000000,
		-0.216438, 0.976296, 0.000000
	],
	"colors":[
		3355443
	],
	"uvs":[[]],