{
	"metadata":{
		"formatVersion": 3,
		"fileName"     : "93.json",
		"generatedBy"  : "RaidaJSONExporter",
		"vertices"     : 129,
		"faces"        : 200,
		"normals"      : 79,
		"colors"       : 1
	},
	"materials":[],
	"vertices":[
		-0.081996, 0.077855, -0.041618,
		-0.083038, 0.077764, -0.032618,
		-0.081996, 0.077855, -0.032618,
		-0.083038, 0.077764, -0.041618,
		-0.084048, 0.077494, -0.032618,
		-0.084436, 0.077337, -0.032618,
		-0.085522, 0.076710, -0.032618,
		-0.082718, 0.073720, -0.032618,
		-0.083243, 0.077724, -0.032618,
		-0.081996, 0.073855, -0.032618,
		-0.086455, 0.075870, -0.032618,
		-0.083343, 0.073334, -0.032618,
		-0.087192, 0.074855, -0.032618,
		-0.083786, 0.072747, -0.032618,
		-0.087702, 0.073710, -0.032618,
		-0.087963, 0.072483, -0.032618,
		-0.083987, 0.072040, -0.032618,
		-0.087963, 0.071228, -0.032618,
		-0.087702, 0.070001, -0.032618,
		-0.083919, 0.071308, -0.032618,
		-0.087192, 0.068855, -0.032618,
		-0.086455, 0.067841, -0.032618,
		-0.083592, 0.070650, -0.032618,
		-0.085522, 0.067001, -0.032618,
		-0.083049, 0.070155, -0.032618,
		-0.084436, 0.066374, -0.032618,
		-0.083243, 0.065987, -0.032618,
		-0.082363, 0.069890, -0.032618,
		-0.081996, 0.065855, -0.032618,
		-0.081996, 0.069855, -0.032618,
		-0.081996, 0.069855, -0.012618,
		-0.082363, 0.069890, -0.012618,
		-0.083049, 0.070155, -0.012618,
		-0.083592, 0.070650, -0.012618,
		-0.083919, 0.071308, -0.012618,
		-0.083987, 0.072040, -0.012618,
		-0.083786, 0.072747, -0.012618,
		-0.083343, 0.073334, -0.012618,
		-0.082718, 0.073720, -0.012618,
		-0.081996, 0.073855, -0.012618,
		-0.081628, 0.069890, -0.012618,
		-0.081628, 0.069890, -0.032618,
		-0.081273, 0.073720, -0.032618,
		-0.080943, 0.070155, -0.032618,
		-0.080943, 0.070155, -0.012618,
		-0.080648, 0.073334, -0.012618,
		-0.080400, 0.070650, -0.012618,
		-0.081273, 0.073720, -0.012618,
		-0.080648, 0.073334, -0.032618,
		-0.066937, 0.077855, -0.032618,
		-0.080205, 0.072747, -0.032618,
		-0.080205, 0.072747, -0.012618,
		-0.080004, 0.072040, -0.032618,
		-0.080072, 0.071308, -0.012618,
		-0.080004, 0.072040, -0.012618,
		-0.080072, 0.071308, -0.032618,
		-0.080400, 0.070650, -0.032618,
		-0.066937, 0.065855, -0.032618,
		-0.066937, 0.065855, -0.041618,
		-0.066937, 0.077855, -0.041618,
		-0.083038, 0.065947, -0.032618,
		-0.083038, 0.065947, -0.041618,
		-0.081996, 0.065855, -0.041618,
		-0.084048, 0.066217, -0.041618,
		-0.084436, 0.066374, -0.041618,
		-0.085522, 0.067001, -0.041618,
		-0.082577, 0.070749, -0.041618,
		-0.083243, 0.065987, -0.041618,
		-0.086455, 0.067841, -0.041618,
		-0.081996, 0.070605, -0.041618,
		-0.087192, 0.068855, -0.041618,
		-0.083024, 0.071145, -0.041618,
		-0.087702, 0.070001, -0.041618,
		-0.087963, 0.071228, -0.041618,
		-0.083237, 0.071705, -0.041618,
		-0.087963, 0.072483, -0.041618,
		-0.087702, 0.073710, -0.041618,
		-0.083164, 0.072299, -0.041618,
		-0.087192, 0.074855, -0.041618,
		-0.086455, 0.075870, -0.041618,
		-0.085522, 0.076710, -0.041618,
		-0.082825, 0.072791, -0.041618,
		-0.084436, 0.077337, -0.041618,
		-0.083243, 0.077724, -0.041618,
		-0.082295, 0.073069, -0.041618,
		-0.081996, 0.073105, -0.041618,
		-0.082295, 0.073069, -0.032618,
		-0.082825, 0.072791, -0.032618,
		-0.083164, 0.072299, -0.032618,
		-0.083237, 0.071705, -0.032618,
		-0.083024, 0.071145, -0.032618,
		-0.082577, 0.070749, -0.032618,
		-0.081996, 0.070605, -0.032618,
		-0.081415, 0.070749, -0.032618,
		-0.081415, 0.070749, -0.041618,
		-0.080967, 0.071145, -0.032618,
		-0.080967, 0.071145, -0.041618,
		-0.080755, 0.071705, -0.041618,
		-0.080827, 0.072299, -0.032618,
		-0.080755, 0.071705, -0.032618,
		-0.080827, 0.072299, -0.041618,
		-0.081167, 0.072791, -0.041618,
		-0.081167, 0.072791, -0.032618,
		-0.081697, 0.073069, -0.032618,
		-0.081697, 0.073069, -0.041618,
		-0.084048, 0.066217, -0.032618,
		-0.084996, 0.066659, -0.041618,
		-0.084996, 0.066659, -0.032618,
		-0.085852, 0.067259, -0.041618,
		-0.085852, 0.067259, -0.032618,
		-0.086592, 0.067999, -0.041618,
		-0.086592, 0.067999, -0.032618,
		-0.087634, 0.069803, -0.041618,
		-0.087634, 0.069803, -0.032618,
		-0.087904, 0.070814, -0.041618,
		-0.087904, 0.070814, -0.032618,
		-0.087996, 0.071855, -0.041618,
		-0.087996, 0.071855, -0.032618,
		-0.087904, 0.072897, -0.041618,
		-0.087904, 0.072897, -0.032618,
		-0.087634, 0.073908, -0.041618,
		-0.087634, 0.073908, -0.032618,
		-0.086592, 0.075712, -0.041618,
		-0.086592, 0.075712, -0.032618,
		-0.085852, 0.076452, -0.041618,
		-0.085852, 0.076452, -0.032618,
		-0.084996, 0.077052, -0.041618,
		-0.084996, 0.077052, -0.032618,
		-0.084048, 0.077494, -0.041618
	],
	"morphTargets":[],
	"normals":[
		-0.087156, 0.996195, 0.000000,
		-0.258819, 0.965926, 0.000000,
		0.000000, 0.000000, 1.000000,
		-0.000000, 0.000000, 1.000000,
		-0.000000, 0.000000, 1.000000,
		0.000000, 0.000000, 1.000000,
		-0.092268, -0.995734, 0.000000,
		-0.092268, -0.995734, 0.000000,
		-0.361242, -0.932472, 0.000000,
		-0.673696, -0.739009, 0.000000,
		-0.895163, -0.445738, 0.000000,
		-0.995734, -0.092268, 0.000000,
		-0.961826, 0.273663, -0.000000,
		-0.961826, 0.273663, -0.000000,
		-0.798016, 0.602636, -0.000000,
		-0.798016, 0.602636, -0.000000,
		-0.526433, 0.850217, -0.000000,
		-0.526433, 0.850217, -0.000000,
		-0.183750, 0.982973, -0.000000,
		-0.183750, 0.982973, -0.000000,
		0.092268, -0.995734, 0.000000,
		0.092268, -0.995734, 0.000000,
		0.183750, 0.982973, -0.000000,
		0.361242, -0.932472, 0.000000,
		0.361242, -0.932472, 0.000000,
		0.000000, -0.000000, 1.000000,
		0.673696, -0.739009, 0.000000,
		0.183750, 0.982973, -0.000000,
		0.526432, 0.850217, -0.000000,
		0.526432, 0.850217, -0.000000,
		0.798017, 0.602634, -0.000000,
		0.961826, 0.273663, -0.000000,
		0.961826, 0.273663, -0.000000,
		0.995734, -0.092268, 0.000000,
		0.995734, -0.092268, 0.000000,
		0.895163, -0.445738, 0.000000,
		0.895163, -0.445738, 0.000000,
		-0.000000, -1.000000, -0.000000,
		1.000000, 0.000000, 0.000000,
		1.000000, -0.000000, 0.000000,
		0.000000, 1.000000, 0.000000,
		-0.087156, -0.996195, 0.000000,
		-0.087156, -0.996195, -0.000000,
		0.000000, -1.000000, 0.000000,
		-0.258819, -0.965926, 0.000000,
		0.000000, 0.000000, -1.000000,
		0.000000, 0.000000, -1.000000,
		0.120537, -0.992709, 0.000000,
		0.464724, -0.885456, 0.000000,
		0.822983, -0.568065, 0.000000,
		0.000000, -0.000000, -1.000000,
		0.992709, -0.120537, 0.000000,
		0.935016, 0.354606, -0.000000,
		0.663124, 0.748510, -0.000000,
		0.239316, 0.970942, -0.000000,
		0.239316, 0.970942, 0.000000,
		-0.239316, 0.970942, 0.000000,
		-0.663122, 0.748511, 0.000000,
		-0.935016, 0.354605, 0.000000,
		-0.992709, -0.120537, 0.000000,
		-0.992709, -0.120537, -0.000000,
		-0.822984, -0.568064, 0.000000,
		0.000000, -0.999992, -0.004036,
		-0.120537, -0.992709, -0.000000,
		-0.464723, -0.885456, -0.000000,
		-0.422618, -0.906308, 0.000000,
		-0.573577, -0.819152, 0.000000,
		-0.707107, -0.707107, 0.000000,
		-0.819152, -0.573576, 0.000000,
		-0.906308, -0.422619, 0.000000,
		-0.965926, -0.258819, 0.000000,
		-0.996195, -0.087156, 0.000000,
		-0.996195, 0.087156, 0.000000,
		-0.965926, 0.258819, 0.000000,
		-0.906308, 0.422619, 0.000000,
		-0.819152, 0.573576, 0.000000,
		-0.707107, 0.707107, 0.000000,
		-0.573577, 0.819152, 0.000000,
		-0.422618, 0.906308, 0.000000
	],
	"colors":[
		12632256
	],
	"uvs":[[]],