{
	"metadata":{
		"formatVersion": 3,
		"fileName"     : "97.json",
		"generatedBy"  : "RaidaJSONExporter",
		"vertices"     : 135,
		"faces"        : 135,
		"normals"      : 132,
		"colors"       : 1
	},
	"materials":[],
	"vertices":[
		0.006287, 0.015769, 0.020500,
		0.010349, -0.021800, 0.020500,
		0.001365, 0.014813, 0.020500,
		0.002003, -0.022698, 0.020500,
		-0.003639, 0.015110, 0.020500,
		0.014667, 0.021128, 0.020500,
		0.017600, 0.025194, 0.020500,
		0.045467, -0.000483, 0.020500,
		0.039851, -0.006721, 0.020500,
		0.010815, 0.017919, 0.020500,
		0.033386, -0.012076, 0.020500,
		0.026210, -0.016431, 0.020500,
		0.018476, -0.019696, 0.020500,
		-0.006385, -0.022371, 0.020500,
		-0.014636, -0.020827, 0.020500,
		-0.022575, -0.018097, 0.020500,
		-0.008412, 0.016643, 0.020500,
		-0.030031, -0.014241, 0.020500,
		-0.036846, -0.009340, 0.020500,
		-0.012654, 0.019315, 0.020500,
		-0.042875, -0.003499, 0.020500,
		-0.047990, 0.003157, 0.020500,
		-0.016099, 0.022957, 0.020500,
		-0.052081, 0.010487, 0.020500,
		-0.018529, 0.027342, 0.020500,
		-0.055061, 0.018335, 0.020500,
		-0.056866, 0.026533, 0.020500,
		-0.019793, 0.032194, 0.020500,
		-0.057459, 0.034906, 0.020500,
		-0.056826, 0.043277, 0.020500,
		-0.019810, 0.037207, 0.020500,
		-0.054981, 0.051466, 0.020500,
		-0.051964, 0.059300, 0.020500,
		-0.018580, 0.042067, 0.020500,
		-0.047838, 0.066610, 0.020500,
		-0.016180, 0.046469, 0.020500,
		-0.042692, 0.073242, 0.020500,
		-0.036634, 0.079054, 0.020500,
		-0.012761, 0.050135, 0.020500,
		-0.029796, 0.083922, 0.020500,
		-0.022321, 0.087742, 0.020500,
		-0.008537, 0.052836, 0.020500,
		-0.014369, 0.090434, 0.020500,
		-0.003775, 0.054401, 0.020500,
		-0.006111, 0.091939, 0.020500,
		0.002279, 0.092225, 0.020500,
		0.001228, 0.054733, 0.020500,
		0.010620, 0.091287, 0.020500,
		0.050116, 0.006507, 0.020500,
		0.053697, 0.014099, 0.020500,
		0.019429, 0.029862, 0.020500,
		0.056135, 0.022132, 0.020500,
		0.057377, 0.030434, 0.020500,
		0.020041, 0.034838, 0.020500,
		0.057397, 0.038828, 0.020500,
		0.056195, 0.047136, 0.020500,
		0.019395, 0.039809, 0.020500,
		0.053796, 0.055181, 0.020500,
		0.017534, 0.044464, 0.020500,
		0.050251, 0.062790, 0.020500,
		0.045636, 0.069802, 0.020500,
		0.014573, 0.048510, 0.020500,
		0.040049, 0.076067, 0.020500,
		0.033610, 0.081453, 0.020500,
		0.010699, 0.051692, 0.020500,
		0.026455, 0.085843, 0.020500,
		0.006156, 0.053811, 0.020500,
		0.018737, 0.089144, 0.020500,
		0.003261, 0.051970, 0.021750,
		0.007603, 0.050550, 0.021750,
		0.018737, 0.089144, 0.021750,
		0.026455, 0.085843, 0.021750,
		0.010620, 0.091287, 0.021750,
		0.002279, 0.092225, 0.021750,
		-0.006111, 0.091939, 0.021750,
		-0.001301, 0.052217, 0.021750,
		-0.014369, 0.090434, 0.021750,
		-0.005771, 0.051275, 0.021750,
		0.014481, 0.044655, 0.021750,
		0.016547, 0.040581, 0.021750,
		0.050251, 0.062790, 0.021750,
		0.045636, 0.069802, 0.021750,
		0.011430, 0.048055, 0.021750,
		0.040049, 0.076067, 0.021750,
		0.033610, 0.081453, 0.021750,
		0.017489, 0.036111, 0.021750,
		0.056195, 0.047136, 0.021750,
		0.053796, 0.055181, 0.021750,
		0.017242, 0.031549, 0.021750,
		0.057377, 0.030434, 0.021750,
		0.057397, 0.038828, 0.021750,
		0.015823, 0.027207, 0.021750,
		0.053697, 0.014099, 0.021750,
		0.056135, 0.022132, 0.021750,
		-0.022321, 0.087742, 0.021750,
		-0.009846, 0.049209, 0.021750,
		-0.029796, 0.083922, 0.021750,
		-0.036634, 0.079054, 0.021750,
		-0.013246, 0.046158, 0.021750,
		-0.042692, 0.073242, 0.021750,
		-0.047838, 0.066610, 0.021750,
		-0.015741, 0.042331, 0.021750,
		-0.051964, 0.059300, 0.021750,
		-0.054981, 0.051466, 0.021750,
		-0.017160, 0.037989, 0.021750,
		-0.056826, 0.043277, 0.021750,
		-0.057459, 0.034906, 0.021750,
		-0.017408, 0.033427, 0.021750,
		-0.056866, 0.026533, 0.021750,
		-0.016466, 0.028957, 0.021750,
		-0.055061, 0.018335, 0.021750,
		-0.052081, 0.010487, 0.021750,
		-0.014399, 0.024882, 0.021750,
		-0.047990, 0.003157, 0.021750,
		-0.042875, -0.003499, 0.021750,
		-0.011348, 0.021482, 0.021750,
		-0.036846, -0.009340, 0.021750,
		-0.030031, -0.014241, 0.021750,
		-0.007521, 0.018987, 0.021750,
		-0.022575, -0.018097, 0.021750,
		-0.003179, 0.017567, 0.021750,
		-0.014636, -0.020827, 0.021750,
		-0.006385, -0.022371, 0.021750,
		0.001383, 0.017320, 0.021750,
		0.002003, -0.022698, 0.021750,
		0.010349, -0.021800, 0.021750,
		0.005853, 0.018262, 0.021750,
		0.018476, -0.019696, 0.021750,
		0.026210, -0.016431, 0.021750,
		0.009927, 0.020329, 0.021750,
		0.033386, -0.012076, 0.021750,
		0.039851, -0.006721, 0.021750,
		0.013328, 0.023380, 0.021750,
		0.045467, -0.000483, 0.021750,
		0.050116, 0.006507, 0.021750
	],
	"morphTargets":[],