{
	"metadata":{
		"formatVersion": 3,
		"fileName"     : "98.json",
		"generatedBy"  : "RaidaJSONExporter",
		"vertices"     : 40,
		"faces"        : 40,
		"normals"      : 39,
		"colors"       : 1
	},
	"materials":[],
	"vertices":[
		0.095803, -0.001287, -0.048523,
		0.096553, -0.001278, -0.048523,
		0.095801, -0.001108, -0.048172,
		0.096551, -0.001099, -0.048172,
		0.095798, -0.000830, -0.047893,
		0.095804, -0.001349, -0.048913,
		0.095803, -0.001287, -0.049302,
		0.096553, -0.001278, -0.049302,
		0.096554, -0.001340, -0.048913,
		0.096548, -0.000820, -0.047893,
		0.096543, -0.000469, -0.047714,
		0.095794, -0.000478, -0.047714,
		0.096551, -0.001099, -0.049653,
		0.095801, -0.001108, -0.049653,
		0.096548, -0.000820, -0.049932,
		0.095798, -0.000830, -0.049932,
		0.096543, -0.000469, -0.050111,
		0.095794, -0.000478, -0.050111,
		0.096539, -0.000080, -0.050173,
		0.095789, -0.000089, -0.050173,
		0.096534, 0.000310, -0.050111,
		0.095784, 0.000300, -0.050111,
		0.096530, 0.000661, -0.049932,
		0.095780, 0.000652, -0.049932,
		0.096526, 0.000940, -0.049653,
		0.095776, 0.000930, -0.049653,
		0.096524, 0.001118, -0.049302,
		0.095774, 0.001109, -0.049302,
		0.096523, 0.001180, -0.048913,
		0.095773, 0.001171, -0.048913,
		0.096524, 0.001118, -0.048523,
		0.095774, 0.001109, -0.048523,
		0.096526, 0.000940, -0.048172,
		0.095776, 0.000930, -0.048172,
		0.096530, 0.000661, -0.047893,
		0.095780, 0.000652, -0.047893,
		0.096534, 0.000310, -0.047714,
		0.095784, 0.000300, -0.047714,
		0.096539, -0.000080, -0.047653,
		0.095789, -0.000089, -0.047653
	],
	"morphTargets":[],
	"normals":[
		0.010955, -0.890939, 0.453990,
		0.008694, -0.707053, 0.707107,
		0.012144, -0.987614, -0.156435,
		0.012144, -0.987614, -0.156435,
		0.012144, -0.987614, 0.156435,
		0.012144, -0.987614, 0.156435,
		0.005582, -0.453956, 0.891007,
		0.005582, -0.453956, 0.891007,
		0.008694, -0.707053, 0.707107,
		0.010955, -0.890939, -0.453991,
		0.010955, -0.890939, -0.453991,
		0.008694, -0.707053, -0.707107,
		0.008694, -0.707053, -0.707107,
		0.005582, -0.453956, -0.891007,
		0.005582, -0.453956, -0.891007,
		0.001923, -0.156423, -0.987688,
		0.001923, -0.156423, -0.987688,
		-0.001923, 0.156423, -0.987688,
		-0.001923, 0.156423, -0.987688,
		-0.005582, 0.453956, -0.891007,
		-0.005582, 0.453956, -0.891007,
		-0.008694, 0.707053, -0.707107,
		-0.008694, 0.707053, -0.707107,
		-0.010955, 0.890939, -0.453991,
		-0.010955, 0.890939, -0.453991,
		-0.012144, 0.987614, -0.156435,
		-0.012144, 0.987614, -0.156435,
		-0.012144, 0.987614, 0.156435,
		-0.012144, 0.987614, 0.156435,
		-0.010955, 0.890939, 0.453990,
		-0.010955, 0.890939, 0.453990,
		-0.008694, 0.707053, 0.707107,
		-0.008694, 0.707053, 0.707107,
		-0.005582, 0.453956, 0.891007,
		-0.005582, 0.453956, 0.891007,
		-0.001923, 0.156422, 0.987688,
		-0.001923, 0.156422, 0.987688,
		0.001923, -0.156422, 0.987688,
		0.001923, -0.156422, 0.987688
	],
	"colors":[
		15066368
	],
	"uvs":[[]],
	"faces":[
		160, 0, 1, 2, 0, 0, 0, 0, 0, 0,
		160, 2, 1, 3, 0, 0, 0, 0, 0, 0,
		160, 2, 3, 4, 1, 1, 1, 0, 0, 0,
		160, 5, 6, 7, 2, 2, 2, 0, 0, 0,
		160, 5, 7, 8, 3, 3, 3, 0, 0, 0,
		160, 5, 8, 0, 4, 4, 4, 0, 0, 0,
		160, 8, 1, 0, 5, 5, 5, 0, 0, 0,
		160, 9, 10, 11, 6, 6, 6, 0, 0, 0,
		160, 9, 11, 4, 7, 7, 7, 0, 0, 0,
		160, 9, 4, 3, 8, 8, 8, 0, 0, 0,
		160, 7, 6, 12, 9, 9, 9, 0, 0, 0,
		160, 6, 13, 12, 10, 10, 10, 0, 0, 0,
		160, 12, 13, 14, 11, 11, 11, 0, 0, 0,
		160, 13, 15, 14, 12, 12, 12, 0, 0, 0,
		160, 14, 15, 16, 13, 13, 13, 0, 0, 0,
		160, 15, 17, 16, 14, 14, 14, 0, 0, 0,
		160, 16, 17, 18, 15, 15, 15, 0, 0, 0,
		160, 17, 19, 18, 16, 16, 16, 0, 0, 0,
		160, 18, 19, 20, 17, 17, 17, 0, 0, 0,
		160, 19, 21, 20, 18, 18, 18, 0, 0, 0,
		160, 20, 21, 22, 19, 19, 19, 0, 0, 0,
		160, 21, 23, 22, 20, 20, 20, 0, 0, 0,
		160, 22, 23, 24, 21, 21, 21, 0, 0, 0,
		160, 23, 25, 24, 22, 22, 22, 0, 0, 0,
		160, 24, 25, 26, 23, 23, 23, 0, 0, 0,
		160, 25, 27, 26, 24, 24, 24, 0, 0, 0,
		160, 26, 27, 28, 25, 25, 25, 0, 0, 0,
		160, 27, 29, 28, 26, 26, 26, 0, 0, 0,
		160, 28, 29, 30, 27, 27, 27, 0, 0, 0,
		160, 29, 31, 30, 28, 28, 28, 0, 0, 0,
		160, 30, 31, 32, 29, 29, 29, 0, 0, 0,
		160, 31, 33, 32, 30, 30, 30, 0, 0, 0,
		160, 32, 33, 34, 31, 31, 31, 0, 0, 0,
		160, 33, 35, 34, 32, 32, 32, 0, 0, 0,
		160, 34, 35, 36, 33, 33, 33, 0, 0, 0,
		160, 35, 37, 36, 34, 34, 34, 0, 0, 0,
		160, 36, 37, 38, 35, 35, 35, 0, 0, 0,
		160, 37, 39, 38, 36, 36, 36, 0, 0, 0,
		160, 38, 39, 10, 37, 37, 37, 0, 0, 0,
		160, 10, 39, 11, 38, 38, 38, 0, 0, 0
	]
}
